sample_id,Ablabesmyia longistyla,Ablabesmyia monilis,Ablabesmyia prorasha,Ablabesmyia sp.,Amphichaeta asiatica,Anodonta woodiana,Asellus sp.,Baetis fuscatus,Benthalia sp.,Bothrioneurum vejdoskynum,Branchiodrilus hortensis,Branchiura sowerbyi,Brillia japonica,Caenis sp.,Ceratopogonidae sp.,Chaetogaster diaphanus,Chaetogaster limnaei,Chironomidae sp.,Chironomus circumdatus,Chironomus edwardsi,Chironomus flaviplumus,Chironomus kiiensis,Chironomus nipponensis,Chironomus sp.,Choroterpes altioculus,Cladopelma edwardsi,Cladopelma virescens,Cladotanytarsus vanderwulpi,Cloeon dipterum,Collembola sp.,Conchapelopia sp.,Corbicula fluminea,Corynoneura sp.,Cricotopus bicinctus,Cricotopus bimaculatus,Cricotopus sp.,Cricotopus sylvestris,Cricotopus triannulatus,Cryptochironomus sp.,Cyathura higoensis,Cyprididae sp.,Demicryptochironomus sp.,Dicrotendipes nervosus,Dicrotendipes pelochloris,Dicrotendipes septemmaculatus,Dicrotendipes sp.,Dixidae sp.,Ecnomus sp.,Eisenia koreana,Ephemera orientalis,Ephoron shigae,Ephydridae sp.,Erpobdella lineata,Erpobdella sp.,Eukiefferiella sp.,Gammarus sp.,Glyptotendipes tokunagai,Gnorimosphaeroma sp.,Haemonais waldvogeli,Haplotaxis gordioides,Harnischia japonica,Harnischia sp.,Harnischiagumsanea,Hayesomyia tripunctata,Hediste sp.,Helobdella stagnalis,Henlea sp.,Hydrobaenus kondoi,Hydrobaenus sp.,Jesogammarus sp.,Labiobaetis atrebatinus,Lamprotus orientalis,Limnodrilus claparedeianus,Limnodrilus hoffmeisteri,Limnodrilus udekimineanus,Limnophyes tamakitanaides,Lipiniella moderata,Lumbriculus variegatus,Mesenchytreanus sp.,Microchironomus sp.,Microchironomus tener,Microtendipes sp.,Monocorophium sp.,Musculium lacustre,Nais communis,Nais variabilis,Nilothauma sp.,Opidonais sp.,Orthocladius glabripennis,Orthocladius sp.,Parachironomus arcuatus,Parachironomus gracilior,Paratanytarsus grimmii,Paratanytarsus inopertus,Paratanytarsus sp.,Paratendipes albimanus,Paratendipes sp.,Paratrichocladius rufiventris,Polypedilum asakawaense,Polypedilum cultellatum,Polypedilum decematoguttatum,Polypedilum masudai,Polypedilum nubeculosum,Polypedilum nubifer,Polypedilum pedestre,Polypedilum sp.,Potamanthus formosus,Potthastia sp.,Pristina biserrata,Pristina longiseta,Procladius choreus,Procladius nigriventris,Procladius sp.,Procloeon maritimum,Procloeon pennulatum,Propsilocerus akamusi,Psychoda sp.,Rheocricotopus sp.,Rheopelopia sp.,Rhoenanthus coreanus,Rhyacodrilus coccineus,Saetheria tylus,Serratella setigera,Slavina appendiculata,Stictochironomus sinsauensis,Stictochironomus sp.,Stylaria fossularis,Syrphidae sp.,Tanypus punctipennis,Tanytarsus formosanus,Tanytarsus kiseogi,Tanytarsus sp.,Tanytarsus takahashii,Tanytarsus tamagotoi,Tanytarsus tamakutibasi,Thienemanniella sp.,Tubifex tubifex
S001,0,0,0,5,8,0,0,7,0,10,0,5,0,7,0,11,8,0,0,2,0,0,13,2,0,0,0,0,9,7,6,7,0,0,5,8,0,8,6,0,0,0,0,0,0,0,10,0,8,8,0,0,7,0,6,0,0,8,0,4,3,3,0,0,0,0,0,6,8,0,0,8,0,0,0,0,0,14,0,0,0,5,0,6,0,0,0,9,0,2,2,0,0,0,7,0,0,0,0,9,0,5,0,7,14,0,14,4,10,8,0,0,4,0,10,0,0,11,5,8,0,0,0,0,0,0,4,0,0,0,13,0,7,7,12,11,0
S002,0,0,3,0,0,0,0,0,0,0,0,0,0,0,0,0,10,0,5,0,0,0,1,0,0,0,0,0,0,0,5,0,3,0,0,0,0,0,8,0,0,5,0,0,0,0,3,0,0,0,0,0,0,0,0,0,0,0,0,0,0,0,0,0,0,2,0,0,0,0,0,0,0,0,0,0,0,0,0,0,0,0,0,0,0,0,0,3,0,0,0,0,0,0,0,0,0,0,0,0,0,0,0,4,5,0,0,0,7,4,0,0,0,7,0,5,0,7,0,0,0,5,0,0,0,0,0,0,0,0,0,0,0,0,0,0,0
S003,0,0,2,0,0,10,2,0,7,9,0,0,0,7,0,0,7,0,3,0,0,0,0,0,12,2,0,4,0,2,5,10,3,0,12,12,0,0,2,0,0,12,2,0,0,0,0,0,8,6,0,0,0,0,0,0,6,0,1,6,4,0,0,1,0,0,0,3,0,0,5,5,6,0,0,6,0,9,0,0,0,6,0,0,0,0,8,10,0,7,0,0,0,0,0,9,9,0,0,11,0,0,0,0,3,8,8,0,8,9,6,0,0,0,0,7,5,10,3,7,0,0,4,0,9,0,0,0,0,0,3,0,0,0,9,0,0
S004,0,1,0,0,0,3,0,2,0,0,0,0,0,0,0,10,0,5,13,0,0,0,0,0,7,0,0,0,0,0,0,2,0,0,6,0,0,0,7,0,0,0,0,0,0,0,0,0,0,0,10,0,0,0,6,0,0,0,0,2,4,1,0,0,0,0,0,0,1,0,0,6,0,0,0,0,0,0,0,0,0,0,0,5,0,0,0,14,0,0,0,0,0,0,5,6,8,0,0,0,0,0,0,10,0,0,15,0,0,0,4,0,0,0,0,0,0,9,0,4,11,4,0,1,0,0,4,0,0,0,0,0,0,0,0,6,0
S005,0,0,5,3,10,2,2,0,2,8,0,0,0,8,0,10,0,9,0,4,0,0,0,2,8,0,8,8,3,3,6,0,0,10,10,0,6,13,0,0,0,4,0,0,0,2,14,0,0,0,0,0,6,0,0,7,0,0,0,7,7,0,0,0,3,0,0,12,0,0,0,0,0,0,0,0,0,10,0,0,8,4,0,0,0,2,7,9,0,0,0,0,0,0,9,9,9,0,2,3,0,8,0,0,0,8,0,0,8,9,10,0,0,14,0,0,6,8,9,13,0,0,0,0,0,7,6,2,0,0,6,6,11,0,7,13,0
S006,5,7,0,0,6,12,0,10,10,8,0,0,6,0,0,0,0,7,9,0,11,2,0,0,0,0,0,0,9,9,10,0,0,0,10,0,0,11,13,0,6,7,0,0,12,4,0,0,8,13,0,0,9,0,10,0,5,9,11,0,9,0,9,0,0,0,0,7,11,0,4,1,4,6,0,7,15,0,0,0,0,0,4,10,0,5,0,5,0,12,5,14,0,0,0,6,0,6,7,0,0,6,8,0,10,0,7,0,0,12,7,1,0,7,15,7,0,6,10,5,10,8,7,0,0,5,5,0,0,0,8,0,10,0,6,14,11
S007,0,0,0,0,0,0,0,0,1,4,0,0,0,0,0,11,10,0,7,0,1,0,3,0,6,0,0,0,1,0,0,5,0,4,0,0,0,10,5,0,0,0,0,0,0,0,0,0,6,3,0,0,0,0,0,0,0,0,0,0,0,0,0,0,0,0,0,0,0,0,0,0,11,0,0,0,0,0,0,0,0,0,0,0,0,0,0,0,0,5,0,11,0,0,5,0,7,0,0,5,0,0,1,8,5,0,12,1,0,10,0,2,0,7,3,6,0,0,7,9,14,9,0,0,0,0,7,0,0,0,5,5,9,0,1,8,0
S008,0,6,0,15,9,16,0,3,9,0,0,0,0,9,6,7,0,9,10,0,14,0,9,7,7,6,13,0,0,7,0,9,0,0,0,0,0,0,13,8,0,7,7,0,8,6,8,2,5,9,7,0,15,0,2,7,0,11,6,10,0,0,5,0,0,0,0,0,0,3,7,8,7,7,0,0,11,0,0,11,11,6,0,0,7,0,10,6,7,8,0,11,0,0,0,7,0,4,0,0,7,13,0,3,0,15,8,8,0,0,10,4,6,12,11,13,0,8,6,12,0,0,0,8,9,9,12,11,6,0,4,0,7,8,5,11,6
S009,0,0,14,0,0,0,0,0,0,0,0,0,0,0,0,6,11,0,0,0,4,0,0,0,0,0,7,4,0,0,8,0,4,0,7,5,0,0,0,0,0,5,3,0,0,1,0,0,0,4,12,0,0,0,8,3,0,0,0,0,0,0,0,0,1,0,0,0,0,0,0,0,9,0,0,0,0,0,0,0,5,0,0,0,0,0,0,0,0,0,0,7,0,0,0,9,0,0,0,0,0,0,0,0,0,0,0,3,11,12,4,0,0,0,0,0,0,9,0,0,0,12,0,0,0,1,0,0,0,0,0,0,5,0,7,5,5
S010,0,0,0,0,0,8,6,5,9,0,5,6,10,10,0,0,0,7,8,4,0,2,0,0,8,0,13,0,3,0,5,13,0,14,5,0,2,11,8,6,0,0,6,0,0,0,0,10,0,8,5,0,7,6,12,10,0,10,15,13,6,11,0,0,0,0,0,0,4,0,5,0,9,0,6,0,0,8,0,0,10,3,0,3,0,11,0,0,8,9,0,0,0,0,0,13,11,0,8,6,8,6,4,0,7,5,9,8,6,8,12,0,7,0,7,9,0,0,4,8,7,8,0,5,8,0,11,5,4,0,8,10,0,0,0,0,0
S011,0,0,0,0,0,0,10,0,0,3,2,7,0,10,15,9,10,0,11,0,8,1,8,0,10,0,6,4,5,12,5,0,6,10,0,0,0,10,7,0,0,10,0,0,0,4,5,3,0,5,0,0,11,2,8,6,0,6,9,6,7,7,0,0,9,0,7,0,6,0,0,0,12,12,0,4,7,0,4,6,0,13,0,8,4,8,5,6,3,5,0,0,0,0,0,0,0,7,0,7,7,0,11,0,14,8,13,0,12,0,9,6,10,7,11,11,5,9,5,7,0,0,0,0,11,0,7,0,0,0,0,7,3,0,9,11,5
S012,8,0,10,7,6,5,3,0,0,7,0,7,9,0,13,8,6,8,7,7,5,0,6,0,15,0,0,0,8,6,0,0,3,0,0,8,0,0,9,12,13,13,9,5,7,10,7,14,4,0,10,0,0,10,0,10,0,14,4,3,3,0,3,9,4,5,11,0,7,0,11,13,5,8,11,10,5,7,10,0,0,0,0,8,0,8,10,0,6,5,6,6,0,0,0,15,0,8,5,7,0,0,9,6,8,8,0,0,13,0,6,5,10,0,9,0,9,6,0,9,0,0,13,10,8,9,8,10,0,0,10,12,0,10,7,7,9
S013,0,10,9,0,8,5,0,0,10,7,6,0,0,0,10,0,9,11,0,5,0,4,12,10,14,0,9,0,11,7,9,7,8,0,9,6,9,9,8,7,0,0,3,4,5,3,13,0,10,0,11,0,11,0,4,11,4,9,0,7,0,0,0,0,0,7,0,10,5,0,0,7,0,0,0,0,0,8,7,0,10,10,5,0,0,0,8,7,8,13,0,9,0,0,5,10,7,6,0,0,6,10,0,7,0,0,0,14,9,0,0,0,13,0,8,11,0,8,0,0,13,12,8,8,0,11,0,4,0,0,10,0,9,11,5,13,10
S014,0,0,0,0,0,0,0,0,0,0,0,0,0,5,0,0,3,0,0,0,8,0,0,0,0,0,4,0,0,2,0,0,2,7,0,0,0,6,5,0,0,4,3,0,0,0,0,0,0,5,0,0,0,0,9,0,0,0,0,4,3,0,0,0,0,0,0,0,0,0,1,0,9,0,0,0,0,0,0,0,5,0,0,0,0,0,0,0,0,8,0,0,0,0,0,0,0,3,2,4,0,0,0,0,13,0,0,0,0,3,0,0,0,0,0,7,0,0,0,0,0,13,0,0,7,0,0,0,0,0,0,0,0,0,6,7,0
S015,0,0,3,0,0,5,0,0,0,0,0,0,0,0,0,5,9,1,0,0,0,0,0,0,0,0,2,0,0,0,0,0,8,0,0,0,0,0,0,0,0,0,0,0,0,0,2,0,0,5,4,0,0,0,0,0,0,0,0,2,2,4,0,0,0,0,0,0,0,0,0,4,0,0,0,0,0,0,0,0,0,0,0,0,0,0,0,7,0,0,0,0,0,4,0,0,0,0,0,0,0,0,0,6,9,0,0,0,8,6,3,0,0,0,2,7,0,0,1,9,0,0,0,0,0,0,3,0,0,0,7,2,0,10,0,0,0
S016,0,0,0,0,8,3,2,0,5,0,0,11,5,5,0,0,0,6,6,8,0,1,13,4,10,0,9,0,0,8,7,0,7,0,0,13,2,0,10,0,0,14,7,0,1,0,3,0,0,0,9,0,13,0,9,5,10,9,7,11,3,2,0,0,0,10,0,0,0,0,0,10,6,0,0,4,5,0,0,0,7,0,0,5,0,2,8,13,6,8,0,8,3,0,0,0,0,0,0,4,7,10,0,0,0,15,0,10,12,7,0,0,0,10,9,6,5,9,8,12,22,0,5,0,6,8,10,0,2,0,0,0,6,0,0,3,8
S017,0,0,6,0,0,0,0,0,0,0,0,0,0,3,0,0,8,0,9,0,0,0,0,0,4,0,0,2,0,0,0,0,7,0,0,0,0,0,0,0,0,3,1,0,0,0,3,0,0,3,0,0,0,0,6,0,0,0,0,0,0,0,0,0,0,0,0,0,0,0,0,5,0,0,0,0,4,9,0,0,0,0,0,0,0,0,0,13,0,0,0,0,0,0,0,0,8,0,0,0,0,0,0,0,5,0,0,0,4,6,0,0,0,8,0,0,0,0,3,0,0,0,0,0,0,0,0,1,0,0,0,0,0,0,0,3,0
S018,0,0,0,11,8,6,8,0,8,9,0,0,0,8,0,0,6,12,8,0,0,0,1,0,10,0,0,0,0,0,5,0,12,11,0,10,2,0,11,0,0,0,0,0,4,0,11,0,0,6,7,0,0,0,7,7,7,11,0,7,9,0,0,0,0,0,8,0,7,0,6,8,13,8,0,0,5,0,0,0,0,8,0,0,0,0,9,0,0,7,0,9,3,0,8,5,11,5,3,10,0,0,3,0,0,2,4,8,0,0,8,0,0,0,9,7,11,0,0,8,0,10,7,0,0,7,0,3,0,0,11,6,0,0,12,5,0
S019,0,8,13,6,0,6,7,0,0,7,12,0,5,5,8,0,4,5,12,0,0,0,8,17,4,0,9,16,10,7,8,6,0,0,0,9,10,7,16,6,12,11,0,6,0,8,0,0,14,7,0,0,0,0,7,6,0,7,0,14,6,0,11,3,0,0,0,8,7,0,0,14,0,11,5,0,10,12,0,11,3,7,0,10,4,0,0,3,0,5,0,10,4,0,9,0,8,0,11,13,0,8,0,0,9,14,10,7,8,0,9,7,12,0,9,8,11,7,0,10,10,6,7,4,0,9,11,8,4,0,0,6,6,0,12,3,5
S020,0,8,0,5,0,7,0,15,0,5,0,0,0,0,0,6,0,8,6,0,5,0,7,0,0,2,0,0,2,0,0,11,9,3,0,8,0,8,10,0,0,9,0,0,2,0,0,0,10,8,0,0,5,0,0,0,0,0,4,0,1,0,0,0,0,0,0,9,5,0,0,6,13,0,4,0,0,0,3,0,4,8,0,12,0,0,0,8,0,7,0,0,0,0,0,9,0,0,0,0,0,0,0,0,5,6,8,8,9,5,0,0,2,0,9,0,0,0,8,5,10,6,0,0,5,0,0,0,0,0,9,0,0,7,6,0,4
S021,0,6,0,0,8,6,0,0,0,6,0,0,0,0,0,3,0,0,0,0,4,0,0,0,6,0,5,7,0,0,0,3,0,0,4,3,0,8,0,0,0,0,0,0,0,0,0,0,0,0,0,0,0,0,0,0,3,0,0,0,0,0,0,0,0,0,0,0,0,0,0,0,3,0,0,0,0,0,0,0,0,0,0,0,0,0,0,8,0,7,0,0,0,0,0,0,0,0,1,6,0,5,0,0,12,2,0,0,10,7,0,0,0,13,0,0,0,11,5,13,6,0,0,0,6,0,1,0,0,0,15,0,0,4,5,0,0
S022,0,0,10,10,5,0,9,9,0,0,4,0,0,3,0,8,6,6,0,0,8,7,14,0,10,0,0,0,0,0,0,4,7,7,0,8,8,6,15,0,0,9,7,0,0,5,7,0,0,9,8,4,11,5,8,0,0,0,0,9,0,16,0,3,3,0,4,10,5,3,8,8,0,6,9,0,0,9,10,0,0,0,0,0,7,8,11,0,0,0,0,6,7,11,2,0,0,10,0,0,8,0,5,7,10,0,10,0,11,0,0,0,0,10,9,0,11,4,9,0,5,0,14,0,0,8,9,0,3,0,10,7,0,8,6,0,0
S023,10,9,6,11,11,10,0,0,4,0,11,0,9,9,0,13,13,0,4,0,12,0,12,0,0,0,8,0,6,0,8,5,8,11,7,17,12,0,10,0,8,11,0,0,6,7,12,0,5,0,2,2,10,0,11,0,5,0,6,0,8,3,12,4,7,4,6,0,8,0,6,0,0,0,0,5,4,14,3,0,0,0,0,0,7,9,14,10,0,4,0,8,8,7,7,0,0,0,0,0,0,9,0,9,10,0,12,11,0,11,0,0,6,0,6,8,5,4,7,0,0,11,5,3,0,9,5,5,0,4,8,9,10,8,9,0,9
S024,0,7,0,0,0,11,4,8,6,0,5,6,0,9,0,10,0,4,0,4,0,0,0,0,3,0,8,0,9,12,6,0,7,8,6,9,0,9,13,0,0,9,11,0,2,0,0,0,7,0,6,0,3,0,0,8,4,5,9,8,10,0,0,0,0,5,9,0,7,0,0,7,12,10,0,0,10,0,0,0,10,7,0,5,0,3,9,0,6,8,0,10,0,0,0,11,8,0,0,5,0,9,4,7,11,6,0,0,8,0,0,0,5,12,7,7,6,8,7,10,10,13,0,0,9,5,7,0,0,0,0,0,10,11,8,7,11
S025,0,5,6,7,10,7,0,11,0,0,0,0,8,0,0,7,7,4,11,1,0,3,0,0,9,8,12,0,0,9,12,0,6,6,0,12,9,0,0,0,7,0,6,3,0,0,0,0,0,0,9,0,0,0,7,0,9,10,0,7,0,8,7,0,7,0,0,8,9,0,8,0,0,5,5,5,8,14,8,0,6,6,0,0,0,10,0,0,5,0,0,10,0,0,14,6,0,0,0,10,8,0,0,6,2,0,11,0,4,0,0,0,0,6,8,14,11,0,12,0,13,5,6,0,10,4,0,3,0,1,0,10,0,14,13,0,0
S026,0,0,4,0,0,10,0,0,0,9,0,6,9,4,11,0,9,0,0,1,9,0,0,3,3,0,5,0,5,0,0,0,0,0,6,0,6,0,0,0,0,15,7,0,0,0,11,0,0,0,11,0,5,0,5,0,0,0,0,0,5,2,0,0,0,0,0,6,8,0,0,0,0,8,0,0,0,9,0,0,0,0,0,0,0,6,0,4,0,13,3,7,0,0,7,0,10,0,0,2,0,1,0,11,0,0,7,7,0,0,10,0,4,8,8,0,0,4,0,6,7,9,3,0,0,0,10,0,0,0,12,0,8,0,7,7,4
S027,0,8,10,8,9,13,0,0,0,0,1,0,8,10,9,8,13,9,0,0,0,3,0,0,0,0,11,0,0,10,0,0,0,0,0,7,0,0,8,0,0,9,5,0,0,0,0,0,0,0,8,0,0,0,6,4,0,0,12,0,0,0,0,2,10,0,5,9,6,0,0,7,0,8,0,0,11,10,7,0,6,7,0,0,0,0,10,6,6,0,0,11,0,4,7,0,8,0,3,0,11,6,0,0,10,0,4,6,12,12,10,2,0,8,10,7,0,9,0,10,11,9,0,0,0,0,1,1,0,0,8,6,10,0,5,0,11
S028,0,0,0,0,0,0,0,0,0,0,1,0,0,0,0,0,0,0,0,0,0,0,0,0,0,0,2,0,1,0,0,0,0,0,0,0,0,0,0,0,0,0,0,0,0,0,0,0,0,0,0,0,0,0,0,0,0,0,0,0,0,0,0,0,0,0,1,0,0,0,0,0,0,0,0,0,0,0,0,0,0,0,0,0,0,0,2,0,0,0,0,0,0,0,0,0,0,0,0,0,1,2,0,0,0,0,9,0,0,0,0,0,0,0,0,0,4,0,0,7,0,1,0,0,0,0,0,0,0,0,0,0,0,0,0,0,0
S029,0,6,12,9,0,0,0,0,7,0,3,8,5,0,12,7,11,13,12,0,6,6,13,0,8,5,9,9,0,0,8,5,13,9,8,8,8,5,12,0,0,0,9,0,0,0,9,0,8,8,0,0,0,0,7,10,0,10,13,10,9,8,0,0,6,0,10,7,7,0,0,5,10,6,3,11,10,11,3,7,5,0,0,7,3,0,0,5,7,7,0,8,0,5,0,0,9,0,0,5,5,10,0,15,7,7,11,8,13,0,3,0,8,8,0,0,7,10,0,0,7,0,11,0,5,10,9,0,0,0,8,0,0,6,10,5,0
S030,0,0,0,0,0,5,0,1,0,0,0,0,0,0,0,5,5,10,0,1,0,0,0,0,8,0,0,2,0,0,0,0,5,8,7,0,0,0,0,0,0,0,5,0,0,0,0,0,0,0,0,0,0,0,0,3,0,0,0,6,0,0,0,0,0,3,1,0,0,0,0,4,7,0,0,0,0,0,0,0,2,0,0,0,0,1,0,11,0,0,0,0,0,0,0,0,5,0,0,0,0,0,0,6,7,0,0,0,7,4,0,0,0,0,0,3,4,0,1,0,15,13,0,0,0,0,7,0,0,0,3,0,0,0,0,0,2
S031,0,0,0,1,0,8,0,0,0,0,0,0,0,7,0,0,6,0,0,0,0,0,4,0,0,0,5,0,5,0,5,0,0,0,11,4,2,0,0,0,0,0,0,0,0,0,0,0,0,0,8,0,0,0,0,0,0,4,0,0,0,0,0,0,3,9,0,5,0,0,0,0,9,0,0,0,0,2,0,0,2,6,0,4,0,3,5,5,2,0,0,12,0,0,6,0,10,1,0,1,5,0,0,7,0,1,11,0,0,6,0,0,0,15,0,4,0,10,0,6,6,10,3,0,0,0,0,0,0,0,7,0,0,7,5,0,0
S032,0,0,7,4,0,0,2,0,0,6,0,0,0,8,0,0,0,7,8,0,0,0,0,0,8,0,4,0,0,4,10,8,0,8,0,0,0,4,0,0,0,0,0,0,0,0,0,0,6,10,7,0,8,0,0,4,0,2,0,0,0,0,0,0,0,0,0,0,6,0,0,0,0,0,1,0,4,0,0,0,0,0,0,0,0,0,4,0,0,8,0,14,0,0,0,9,0,0,0,0,2,0,0,6,14,0,0,0,10,8,0,0,0,5,7,0,0,0,8,0,8,9,1,0,0,0,0,0,0,0,10,0,4,8,8,9,0
S033,0,0,1,0,0,0,0,0,0,0,0,0,0,3,0,0,0,4,3,0,0,0,0,0,0,0,0,0,0,1,0,0,0,0,0,0,0,0,3,0,0,0,0,0,0,0,0,0,0,0,5,1,0,0,0,0,0,0,0,0,0,0,0,0,0,0,0,1,0,0,0,0,0,0,0,0,0,0,0,0,0,0,0,0,0,0,0,0,0,0,0,0,0,0,0,0,4,0,0,0,0,0,0,1,3,0,4,0,0,0,0,0,0,0,0,0,0,0,0,0,1,0,0,0,0,0,0,0,0,0,0,0,0,0,0,3,0
S034,0,0,8,0,0,4,0,0,0,0,0,0,0,0,0,0,9,0,5,0,0,0,0,0,0,0,0,4,0,0,4,0,4,0,0,0,0,0,0,0,0,0,4,0,0,0,0,2,0,0,0,0,0,0,2,0,0,0,0,0,0,0,0,0,0,0,0,0,1,0,0,8,6,0,0,0,0,0,0,0,6,0,0,0,0,0,0,11,2,3,0,0,0,0,0,0,4,0,0,0,0,0,0,0,0,0,7,0,9,0,0,0,0,3,0,0,0,0,0,10,15,13,0,0,0,0,0,0,0,0,5,0,0,0,0,4,3
S035,0,0,4,0,0,0,0,0,0,3,0,0,0,0,0,2,9,0,11,0,0,0,0,0,3,0,8,0,0,0,3,0,0,8,0,0,0,0,6,0,0,15,0,0,0,0,0,1,0,0,0,0,0,0,6,0,0,0,0,0,0,0,0,0,0,0,0,0,0,0,0,0,0,0,0,0,0,6,0,1,0,0,0,0,0,0,0,4,0,0,0,0,0,0,0,6,0,0,0,0,0,0,0,0,0,0,0,0,0,0,0,0,0,0,0,0,0,0,0,13,3,1,0,0,5,0,4,0,0,0,6,0,0,0,7,0,0
S036,0,0,0,11,0,8,7,8,10,0,0,7,7,0,0,0,0,3,10,1,0,0,0,0,8,0,11,8,5,14,0,3,0,7,9,8,0,14,0,0,0,0,0,0,0,0,0,0,0,8,12,0,8,0,0,0,8,0,5,0,9,0,0,0,4,7,5,0,10,0,11,10,6,0,7,0,0,11,2,0,5,4,7,0,10,12,0,15,0,0,0,0,2,0,0,0,0,9,4,9,7,0,0,7,0,10,0,0,9,12,9,0,8,0,8,6,0,0,12,0,9,0,0,0,6,3,7,1,0,0,7,0,15,6,11,3,8
S037,0,11,7,0,6,7,0,10,0,0,0,3,4,7,14,0,6,0,4,2,5,0,0,0,12,0,6,9,0,0,6,9,9,8,0,6,0,0,0,0,1,0,10,0,1,0,9,0,0,8,5,0,0,0,8,0,0,0,0,7,0,4,0,0,0,5,0,4,6,0,0,9,0,10,0,0,3,0,4,0,7,0,0,7,3,0,10,0,0,2,6,11,0,2,0,0,10,8,0,0,4,6,0,0,5,8,0,0,7,0,12,0,0,8,0,0,0,15,0,10,0,0,13,3,0,0,0,0,0,5,8,0,4,0,9,12,0
S038,0,0,7,0,0,0,0,0,5,0,1,6,0,4,0,0,10,0,16,0,0,0,5,0,0,0,6,1,0,0,0,0,7,0,0,0,0,7,0,0,0,0,0,0,0,0,0,0,0,7,9,0,6,0,11,0,0,2,0,4,0,0,3,0,0,0,0,1,9,0,0,11,8,0,0,0,0,0,0,0,6,0,0,6,0,0,0,0,0,0,0,0,0,0,0,7,4,0,0,0,0,0,0,0,12,4,0,4,0,0,9,0,0,12,4,0,0,0,0,5,8,0,2,0,6,0,0,0,0,0,8,0,0,5,0,9,0
S039,0,2,6,0,12,0,2,0,9,5,0,9,0,0,9,4,0,11,9,8,10,2,7,0,0,0,8,6,0,9,0,0,0,0,0,3,0,0,5,0,8,0,8,0,0,8,3,3,0,7,11,0,0,0,0,0,8,2,6,0,7,4,5,0,8,12,6,3,0,1,4,13,10,0,0,0,0,9,0,0,0,4,0,0,0,12,10,4,1,5,0,10,0,7,0,0,7,0,0,11,0,0,0,0,0,4,10,10,4,0,9,0,8,8,5,7,0,10,0,0,13,0,0,0,7,8,0,0,2,0,6,0,0,11,11,18,7
S040,0,0,0,0,2,0,0,0,0,0,0,2,0,0,0,5,0,3,8,0,0,0,3,0,4,0,4,0,0,0,0,3,0,0,6,4,1,7,0,0,0,8,0,0,0,0,0,0,0,4,5,0,2,0,0,0,0,0,0,0,0,0,0,0,0,0,0,0,0,0,1,0,7,0,0,0,0,0,0,0,0,3,0,0,0,0,8,9,0,0,0,0,0,0,0,0,5,0,0,0,3,5,0,9,0,0,7,0,5,6,0,0,0,0,0,6,2,8,0,0,0,0,0,0,5,0,12,0,0,0,7,0,8,0,0,0,0
S041,0,0,0,0,0,0,0,0,0,0,0,0,0,0,0,1,4,0,0,0,0,0,0,0,0,0,0,0,0,0,0,0,0,0,0,0,0,0,0,0,0,0,0,0,0,0,0,0,0,0,0,0,0,0,0,0,0,0,0,0,0,0,0,0,0,0,0,0,0,0,1,0,4,0,0,0,0,0,0,0,0,0,0,0,0,0,0,5,0,0,0,0,0,0,0,0,0,0,0,0,0,0,0,0,4,0,0,0,0,0,0,0,0,0,0,0,0,0,0,0,0,0,0,0,0,0,0,0,0,0,0,0,0,0,0,0,0
S042,0,0,0,0,0,0,0,0,1,0,0,0,0,0,0,0,0,0,4,0,0,0,0,0,0,0,0,0,0,1,2,0,0,0,9,0,0,0,6,0,0,0,0,0,0,0,0,0,0,0,0,0,0,0,0,0,0,0,0,0,0,0,0,0,0,0,0,0,0,0,0,2,0,0,0,0,0,0,0,0,0,0,0,0,0,0,0,0,0,0,0,0,0,0,0,2,4,0,0,0,0,0,0,4,0,0,0,0,0,0,0,0,2,0,0,0,0,0,0,0,0,0,0,0,0,1,0,0,0,1,10,0,0,0,0,0,0
S043,0,0,11,0,0,0,0,0,0,0,0,0,0,6,0,5,0,3,10,0,0,0,0,0,0,0,0,2,0,0,0,0,7,0,7,5,0,6,0,0,0,0,0,0,0,0,0,0,0,0,0,0,0,0,0,0,0,0,0,0,0,0,0,0,0,0,0,4,0,0,3,4,0,0,0,0,0,7,0,0,0,0,0,0,0,0,3,0,0,8,0,0,0,0,0,0,6,0,0,0,0,0,0,0,10,0,0,0,0,7,5,0,1,5,0,0,0,0,8,9,0,8,0,0,5,0,0,0,0,0,9,0,9,9,0,0,0
S044,0,0,13,0,0,6,0,6,0,5,0,0,0,0,3,0,0,6,12,0,0,1,5,5,9,0,6,0,0,0,9,12,5,6,10,0,0,0,7,0,0,10,6,0,0,0,0,0,0,4,9,0,9,0,0,0,0,3,0,7,5,0,0,0,0,7,0,6,0,0,0,7,14,5,0,3,4,9,0,0,0,4,0,3,0,1,8,7,7,5,0,0,0,1,0,7,0,5,0,0,0,7,3,0,10,0,7,0,5,0,4,0,0,6,6,8,0,0,0,0,9,7,0,0,6,0,7,4,0,0,7,0,7,10,0,6,0
S045,0,2,12,0,4,0,0,6,2,0,0,0,0,1,0,0,0,4,7,0,0,0,0,0,0,0,5,5,0,1,0,5,0,0,0,0,0,3,5,0,0,0,0,0,0,0,4,0,0,0,0,0,0,0,3,0,0,0,0,5,0,0,0,0,0,3,0,0,0,0,0,0,5,0,0,0,0,0,0,0,0,3,0,0,0,0,0,0,0,0,0,10,0,0,0,5,8,0,0,0,0,0,1,6,0,0,0,0,17,0,0,0,0,6,5,8,0,0,0,6,10,7,0,0,0,0,0,0,0,0,0,0,6,0,3,0,0
S046,0,7,2,8,5,6,0,4,0,0,0,8,4,11,0,4,0,0,6,0,5,0,0,0,0,0,10,8,0,0,0,7,3,0,8,8,0,9,5,0,0,0,0,0,0,0,0,0,9,0,9,0,0,0,10,0,0,0,0,0,0,0,0,0,0,7,4,0,14,0,0,12,10,0,0,0,0,8,0,0,0,0,1,7,0,0,0,9,0,6,0,6,0,0,12,0,0,0,2,0,0,0,7,7,0,3,0,13,8,9,0,0,8,0,0,13,0,7,4,0,4,0,2,0,7,7,5,0,0,0,6,0,9,10,0,5,7
S047,0,0,4,0,0,0,0,0,3,0,0,0,0,0,3,0,0,0,10,0,0,0,2,2,6,0,0,0,0,0,0,0,9,4,7,0,0,0,8,0,0,4,0,0,0,0,0,0,0,0,11,0,0,0,6,1,0,0,0,0,0,0,0,0,0,0,0,0,0,0,0,0,11,0,0,0,0,0,0,0,0,3,0,0,0,0,0,8,1,0,0,0,0,0,0,0,10,0,0,4,0,0,0,0,0,0,7,0,9,4,0,0,0,0,0,0,0,0,0,0,10,0,0,0,5,0,0,0,0,0,12,0,7,0,0,6,0
S048,0,11,11,13,10,9,0,0,0,0,7,0,0,7,13,8,10,12,10,0,15,0,10,7,6,7,0,7,10,0,12,12,5,9,8,0,4,11,0,0,0,9,12,0,12,0,7,0,13,0,10,0,6,0,10,9,0,9,7,0,7,8,11,0,11,4,6,7,6,0,6,4,9,9,0,0,4,13,0,4,0,9,3,8,3,8,0,10,0,4,7,0,0,3,0,0,7,5,4,0,0,7,0,0,6,10,0,6,6,9,0,0,6,11,11,0,8,10,3,6,0,6,6,0,0,8,8,7,0,0,8,0,0,9,0,10,9
S049,0,0,7,0,0,0,0,0,0,7,0,0,0,7,0,0,0,6,8,0,2,0,0,0,8,0,4,5,0,0,0,0,0,0,11,2,0,4,3,0,0,0,6,0,0,0,0,0,0,7,0,0,0,0,7,0,0,0,0,0,1,0,0,0,0,2,0,0,7,0,0,5,3,0,0,0,0,0,0,2,0,0,0,0,0,1,0,0,0,0,0,0,0,0,0,0,0,0,0,0,0,8,0,11,0,0,12,0,6,4,5,0,0,0,0,0,0,0,7,0,0,0,0,0,0,0,4,0,0,0,15,0,0,6,0,4,1
S050,0,5,0,0,0,0,0,0,0,0,0,0,3,0,0,3,0,0,9,0,0,0,0,0,5,0,2,0,0,0,0,0,0,0,5,0,0,0,4,0,0,0,2,0,0,0,0,0,1,3,0,0,0,0,6,0,0,0,0,0,0,0,0,0,0,0,0,0,0,0,0,0,0,0,0,0,0,0,0,0,0,0,0,2,0,0,0,1,0,0,0,3,0,0,0,0,0,0,0,1,2,0,0,4,0,0,0,0,5,7,0,0,0,0,0,0,0,0,0,4,0,0,0,0,0,0,0,0,0,0,0,0,0,0,0,3,0
S051,0,12,10,0,9,0,2,0,7,0,0,12,0,5,10,0,8,10,5,3,4,0,4,0,0,0,0,14,0,4,12,12,11,0,0,7,7,8,0,0,0,8,5,0,5,0,0,0,11,8,11,0,0,0,7,6,0,8,3,8,0,0,0,0,4,5,0,0,4,0,8,10,5,0,0,0,5,8,0,9,9,0,0,6,1,0,7,12,3,10,1,5,1,0,0,5,7,0,0,0,0,0,0,11,9,7,8,8,0,0,13,0,0,7,0,0,6,0,5,0,10,4,0,0,0,6,13,3,0,0,12,7,0,0,9,6,0
S052,0,0,5,5,0,0,0,0,0,0,0,0,0,0,0,6,0,0,13,0,0,0,0,0,0,0,2,0,0,0,0,0,13,5,6,6,0,0,6,0,0,6,0,0,0,0,0,3,0,7,7,0,0,0,10,0,0,0,0,4,2,0,0,0,0,0,0,7,0,0,0,0,5,0,0,0,0,11,1,0,0,6,0,6,0,0,7,8,0,0,0,7,0,0,0,0,0,0,2,9,0,1,0,0,0,0,0,0,0,2,6,0,0,8,0,0,0,10,0,0,6,14,0,2,8,0,6,0,0,0,11,0,0,0,7,4,0
S053,0,0,0,0,0,0,0,0,0,0,0,0,0,0,0,7,10,0,5,0,0,0,0,0,11,0,0,0,0,0,0,0,0,0,0,0,0,0,8,0,0,3,3,0,0,0,0,0,0,0,6,0,0,0,5,0,0,0,0,2,0,0,0,0,0,0,0,0,0,0,4,0,7,0,0,0,0,0,0,0,0,0,0,0,0,0,0,0,0,0,0,0,0,0,4,0,0,0,0,0,0,0,0,0,0,0,13,0,0,0,6,2,0,6,8,2,0,4,6,0,0,0,0,0,0,0,0,0,0,0,0,4,0,0,5,0,0
S054,0,0,0,4,0,0,0,0,1,0,0,0,0,7,0,8,9,7,0,0,0,0,1,0,0,0,5,8,0,0,0,0,0,8,0,0,0,0,9,0,0,0,0,0,0,0,0,0,0,11,0,0,4,0,12,0,0,0,0,1,0,0,0,0,0,0,0,5,5,0,0,0,0,0,0,0,0,0,0,0,0,0,0,0,3,0,0,0,0,0,0,0,0,0,0,0,6,0,0,0,0,0,0,8,8,0,8,2,9,11,4,0,0,8,0,2,3,4,6,0,0,4,0,0,0,1,7,0,0,0,16,0,0,0,5,9,0
S055,0,9,6,16,9,9,0,12,0,0,0,6,0,0,0,16,0,8,6,0,0,2,0,3,0,3,0,9,8,0,7,12,0,7,7,5,6,0,0,0,0,0,5,0,0,0,10,0,13,9,0,0,6,0,7,7,9,8,8,12,0,10,0,0,0,10,0,6,3,0,0,0,9,0,0,0,7,10,0,0,6,7,0,8,5,0,0,12,7,0,0,0,0,0,0,0,2,5,0,10,9,4,0,7,10,6,0,10,7,9,0,0,6,10,8,6,0,0,6,10,7,8,0,0,8,9,9,0,2,0,0,0,8,11,0,0,0
S056,7,7,12,10,0,0,8,0,10,11,0,0,6,7,8,6,11,5,5,7,8,6,9,0,5,0,0,0,0,10,0,3,7,11,0,9,0,7,8,0,0,0,7,0,9,7,9,0,4,0,0,0,0,6,0,10,10,11,5,0,6,8,0,0,9,10,11,12,7,5,0,0,11,0,0,0,0,0,4,11,11,5,9,11,0,9,11,10,10,5,8,0,8,4,0,0,0,9,0,7,5,9,0,0,8,9,7,7,0,8,7,0,6,0,8,0,0,0,0,13,11,0,0,0,0,0,0,0,0,0,7,0,0,0,9,0,6
S057,5,0,0,0,11,0,0,10,10,0,0,5,0,13,11,7,10,0,8,0,0,0,0,0,0,6,12,13,0,8,0,7,13,10,5,6,0,0,0,0,0,6,14,0,0,0,9,0,7,9,0,0,0,0,0,0,2,9,0,0,0,0,0,0,0,0,0,0,6,0,9,7,3,11,0,3,0,11,0,3,4,11,2,7,0,0,0,0,0,0,0,4,0,0,5,5,0,6,5,6,0,0,0,8,6,0,8,4,11,7,0,0,4,0,3,0,5,0,0,5,0,7,0,0,0,9,0,0,0,0,0,12,5,0,5,0,0
S058,0,0,9,0,0,5,0,0,0,0,0,0,0,7,0,0,0,0,14,0,0,0,0,0,0,0,2,2,0,0,0,0,8,4,9,4,0,6,0,0,0,0,0,0,0,0,0,0,0,5,13,0,0,0,4,0,0,0,0,2,0,0,0,0,0,4,0,0,3,0,0,7,0,0,0,0,0,0,0,0,0,0,0,0,0,0,0,0,0,0,0,13,0,0,1,3,3,0,0,0,0,0,0,8,12,0,10,1,9,0,5,0,0,8,0,0,0,10,0,4,0,12,0,0,0,0,1,0,0,0,5,0,0,0,9,10,0
S059,0,0,11,0,0,14,0,0,0,10,0,0,0,7,0,5,6,0,6,0,0,0,5,0,12,0,4,3,7,8,5,9,0,0,5,0,0,12,0,0,0,0,0,0,0,0,0,0,0,5,0,0,0,0,12,0,0,8,0,3,0,0,0,0,0,0,0,0,8,0,0,0,4,0,1,0,0,0,6,0,0,0,0,0,0,0,0,1,0,0,0,0,0,0,5,0,14,2,3,0,0,3,0,6,12,4,4,0,5,7,8,0,7,15,8,0,8,10,0,5,5,10,0,0,0,0,6,0,0,0,8,0,4,0,0,5,0
S060,0,5,7,5,0,0,4,11,0,7,0,0,9,8,10,10,0,0,7,0,3,0,10,8,0,0,6,8,0,7,7,10,7,11,5,0,6,0,0,0,0,4,8,0,0,0,6,0,4,9,13,0,0,0,6,7,0,0,7,0,0,0,0,0,0,5,5,0,5,0,0,0,0,12,0,4,0,8,0,2,9,12,0,5,0,5,8,6,3,0,0,9,0,0,0,0,0,6,0,7,8,5,0,4,0,7,10,0,6,0,11,0,6,0,0,0,6,0,0,14,4,7,0,0,0,0,7,0,0,0,0,11,7,7,8,8,10
S061,2,7,0,12,13,9,7,10,0,10,0,7,0,10,11,0,12,8,0,5,0,5,6,0,0,6,9,6,7,0,6,10,0,8,10,5,6,0,10,7,0,5,7,5,0,9,18,0,7,6,8,0,10,0,6,10,0,0,3,4,9,0,5,0,8,6,12,10,9,0,12,9,10,8,0,9,0,0,0,0,0,0,0,13,0,8,10,8,0,9,9,6,0,9,15,0,6,6,7,9,7,5,0,0,0,0,16,0,8,4,11,0,0,0,14,14,0,14,8,4,11,0,7,0,0,0,7,0,0,0,9,0,0,10,0,6,0
S062,0,0,0,0,0,0,0,0,0,0,0,0,0,0,0,0,0,0,0,0,0,0,0,0,0,0,0,0,0,0,0,0,0,0,0,0,0,0,0,0,0,0,3,0,0,0,0,3,0,0,4,0,0,0,0,0,1,0,0,0,0,0,4,0,0,0,0,0,0,0,0,0,0,0,0,0,0,0,0,0,0,0,0,0,0,0,0,0,0,1,0,0,0,0,0,0,0,0,0,0,0,0,0,0,0,0,1,0,0,0,0,0,0,2,0,0,0,0,0,0,0,3,0,0,0,0,0,0,0,0,0,0,4,0,0,2,0
S063,0,6,8,0,0,4,0,0,0,0,0,2,1,0,0,4,0,0,4,0,0,0,0,0,9,0,0,5,3,0,4,0,0,0,7,0,0,0,5,0,0,6,0,0,0,0,1,0,3,0,0,0,0,0,0,2,0,1,0,0,0,0,3,0,0,0,0,4,0,0,0,0,9,0,0,0,0,0,0,0,0,0,0,0,0,0,0,13,0,0,0,0,0,0,0,0,8,0,0,0,0,0,0,0,5,0,8,0,6,7,0,0,0,6,0,6,0,0,1,0,8,0,0,0,4,0,0,0,0,0,0,0,5,8,10,6,5
S064,0,0,0,0,0,0,3,0,0,6,0,0,0,0,0,5,6,0,19,0,8,0,0,9,5,0,12,0,0,8,0,10,3,9,0,7,7,9,0,8,5,7,0,0,0,6,0,0,0,15,10,0,11,0,0,0,0,0,9,7,9,0,6,0,0,0,0,0,5,0,0,9,9,0,3,0,8,8,4,0,8,0,0,0,3,0,0,11,0,7,0,10,0,0,0,8,0,5,0,0,7,0,9,0,9,9,0,10,0,9,8,0,9,14,0,4,8,5,8,0,7,0,0,0,0,0,0,2,0,0,0,10,0,0,8,11,5
S065,0,8,10,6,6,0,0,0,5,9,4,6,2,0,0,6,0,7,11,4,0,0,0,0,10,0,7,8,0,8,0,0,0,0,0,6,0,0,10,0,0,0,0,0,0,0,8,2,0,7,8,0,7,0,5,0,7,0,0,0,0,0,0,0,6,0,8,9,5,0,0,5,9,0,0,7,5,0,0,4,8,0,0,3,1,6,8,0,0,17,0,0,0,0,0,12,0,0,0,5,9,7,0,10,11,8,0,0,12,10,8,0,0,0,0,0,0,0,0,9,11,7,5,5,0,6,0,0,0,0,10,11,10,7,0,0,0
S066,0,0,8,0,0,4,0,0,0,5,0,0,0,0,3,0,0,11,4,0,0,0,0,0,5,0,8,0,0,0,4,0,3,7,0,2,0,6,0,0,0,1,0,0,0,0,0,0,0,0,5,0,0,0,5,4,0,0,0,0,0,0,0,0,0,0,0,0,0,0,0,5,13,0,0,0,4,3,0,0,0,0,0,0,0,3,0,0,0,11,0,7,0,0,3,6,0,0,0,0,0,0,0,1,9,0,5,0,0,13,0,0,0,5,7,6,0,0,7,9,9,6,0,0,0,0,0,0,0,0,9,0,2,0,8,6,5
S067,0,4,0,0,0,6,0,0,6,0,0,0,0,0,0,11,5,0,0,0,0,0,0,0,0,0,0,8,0,0,0,0,7,0,6,0,0,4,8,0,0,5,0,0,0,0,6,0,8,0,0,0,1,0,0,2,0,0,0,1,0,0,0,0,0,0,0,0,0,0,0,0,0,0,0,0,0,10,0,0,2,0,0,0,0,0,0,0,0,0,0,0,0,0,0,3,6,3,0,3,0,0,0,0,0,0,0,3,5,0,0,0,1,8,5,0,0,10,0,0,10,0,0,0,0,0,0,0,0,0,4,0,0,0,3,9,0
S068,0,0,8,4,7,7,0,0,0,0,0,0,0,0,1,0,0,0,5,0,1,0,0,0,12,0,4,0,0,0,0,6,6,9,8,0,0,4,9,0,0,0,0,0,4,0,0,0,0,0,6,0,0,0,8,0,0,4,2,5,0,0,0,0,0,0,5,0,0,0,2,0,15,0,0,0,0,7,0,0,0,0,0,0,0,4,2,0,0,4,0,5,0,0,0,16,6,0,0,0,0,0,0,0,0,0,5,0,0,0,0,0,0,8,0,0,0,0,5,5,7,11,0,0,10,0,0,0,0,0,6,3,0,3,0,0,3
S069,0,10,0,8,0,8,6,8,0,6,0,6,7,5,0,7,4,0,7,0,12,0,0,0,7,0,0,0,0,0,2,0,0,0,11,8,0,7,8,0,7,13,2,0,6,0,11,0,0,9,9,5,10,0,13,5,0,0,6,12,7,5,0,0,0,0,4,8,11,0,15,10,0,8,0,0,5,10,0,0,0,0,1,0,0,0,0,10,0,3,0,0,0,0,4,0,7,5,3,11,9,9,7,6,0,0,5,0,0,0,0,0,0,0,10,0,10,0,11,4,9,10,6,0,6,0,0,0,0,0,5,0,9,6,0,6,7
S070,0,0,8,0,15,9,0,12,0,0,0,0,7,7,0,0,3,11,10,0,0,0,7,6,7,0,9,0,0,0,0,6,11,10,0,9,10,0,7,0,5,0,8,0,7,5,0,3,11,8,8,0,0,0,0,0,0,0,13,8,0,0,0,0,0,7,0,5,6,0,0,7,0,5,0,0,6,0,7,3,11,5,0,0,0,0,5,0,8,11,0,14,0,0,8,8,13,0,0,7,7,0,0,0,0,0,8,0,13,9,5,0,0,12,8,9,11,13,0,11,0,7,6,0,7,0,0,0,0,3,6,9,0,11,0,4,4
S071,0,0,0,3,0,5,0,0,3,5,0,0,0,0,0,0,9,0,7,0,1,0,0,0,12,0,7,6,1,0,0,0,7,0,9,0,2,0,0,0,0,4,0,0,0,0,0,0,0,9,11,0,0,0,0,7,0,0,3,4,0,1,0,0,0,0,2,0,0,0,0,8,0,6,0,0,4,6,0,0,4,0,0,0,0,0,0,9,2,7,0,0,0,0,0,6,9,0,0,4,0,5,0,0,14,0,12,0,6,8,6,0,4,6,0,14,0,15,0,12,4,0,0,0,9,0,0,0,0,0,4,0,8,0,0,0,0
S072,0,0,0,0,0,0,0,0,0,0,0,0,0,0,0,0,5,0,9,0,0,0,0,0,0,0,0,0,0,0,0,0,0,0,7,0,0,0,0,0,0,0,0,0,0,0,0,0,0,0,0,0,0,0,4,0,0,0,0,0,0,0,0,0,0,0,0,0,0,0,0,0,8,0,0,2,0,0,0,0,0,0,1,0,0,0,0,7,0,6,0,0,0,0,0,0,0,0,0,1,0,0,0,1,0,0,0,0,0,0,0,0,0,7,0,0,2,0,0,6,0,0,0,0,0,0,0,0,0,0,0,0,0,0,0,0,0
S073,0,6,0,0,0,0,4,6,0,0,0,5,0,0,0,0,3,9,9,0,0,0,0,0,7,1,11,7,4,6,0,13,6,9,0,8,0,8,10,0,0,0,5,0,0,0,7,0,0,8,8,0,10,0,7,0,0,10,6,0,8,0,0,0,0,0,0,0,0,0,0,0,7,4,0,0,0,8,0,0,7,0,0,7,4,0,0,0,0,7,0,11,0,0,9,0,8,1,0,8,0,8,0,9,0,7,0,6,0,8,0,0,5,5,7,6,5,0,8,16,8,4,0,0,7,8,0,0,0,0,0,0,6,9,0,0,3
S074,0,7,14,9,10,0,2,0,0,7,0,13,10,9,8,0,9,7,0,0,0,7,0,0,0,0,6,5,10,0,14,7,0,10,12,9,7,7,0,0,0,12,4,0,0,10,0,6,0,4,9,1,0,4,0,12,9,7,0,6,9,0,0,0,7,8,9,9,7,4,6,5,0,13,0,9,0,0,0,0,0,12,0,7,11,6,13,7,8,12,6,4,0,0,0,8,11,0,10,8,11,0,7,6,0,0,10,8,7,5,5,0,0,5,0,0,4,13,6,11,0,0,4,0,7,5,10,0,1,0,0,9,11,0,0,0,5
S075,0,6,0,5,7,3,0,4,0,3,0,2,0,0,0,0,10,0,10,0,0,0,0,0,0,0,0,0,0,0,0,0,7,6,10,0,0,0,10,0,0,0,0,0,0,0,0,0,0,4,11,0,7,0,7,0,0,3,0,0,0,0,0,0,0,0,0,0,0,0,3,0,5,0,0,0,0,0,0,0,0,0,0,0,0,0,7,5,0,9,0,5,0,0,0,5,8,0,0,0,8,0,0,0,5,3,5,0,0,0,0,0,0,6,4,8,0,0,0,0,0,5,2,0,0,0,0,0,0,0,0,0,9,0,6,6,4
S076,0,11,8,0,0,7,0,6,9,6,0,5,13,7,5,0,7,17,6,0,8,0,0,0,7,0,0,8,9,8,0,7,0,0,10,11,0,0,7,0,0,0,10,0,0,6,8,0,9,5,0,0,14,0,0,4,7,0,0,12,7,0,0,0,5,0,0,8,6,0,6,7,5,5,0,0,7,0,0,1,13,0,0,0,6,8,7,0,0,11,0,10,1,0,0,6,0,0,0,0,0,0,0,6,9,7,9,0,13,0,6,0,8,9,7,0,0,0,10,0,0,9,9,0,7,0,7,0,0,0,14,4,0,0,11,0,7
S077,0,0,7,0,0,0,0,0,0,0,0,0,0,0,0,0,5,0,0,0,0,0,0,0,8,0,0,10,0,0,0,0,8,6,0,0,1,0,0,0,0,6,0,0,0,0,8,0,0,0,0,0,4,0,6,1,0,3,0,0,0,0,0,0,0,0,0,0,3,0,0,6,12,0,0,0,0,0,0,0,0,3,0,0,0,0,0,8,0,0,0,6,0,0,8,7,12,0,1,0,2,0,0,7,13,0,0,2,0,6,0,0,0,12,5,0,0,8,0,0,0,8,0,0,0,1,1,0,0,0,6,0,0,0,2,0,0
S078,7,5,8,9,0,8,8,0,0,6,3,0,7,9,0,7,9,7,0,7,0,0,10,5,11,0,0,11,0,0,9,9,7,0,6,0,0,8,8,0,0,4,8,0,0,0,6,0,0,0,8,0,14,0,0,0,0,12,5,11,0,0,0,0,2,0,0,8,0,0,0,0,0,0,10,4,0,7,10,0,8,10,0,0,0,10,11,0,4,11,6,0,0,0,12,6,0,0,0,6,7,11,6,6,0,0,9,0,7,8,10,0,9,0,8,0,8,9,12,6,8,7,0,8,5,5,0,0,0,0,8,5,8,10,0,9,0
S079,0,11,9,0,0,0,2,10,7,5,0,5,0,9,11,7,8,8,2,0,15,0,0,0,0,0,6,10,0,0,13,8,0,0,3,5,11,7,9,0,0,9,8,0,0,5,7,0,4,0,14,0,8,0,0,0,0,8,0,13,8,9,0,2,9,0,13,9,5,0,0,0,6,3,3,0,4,9,0,0,10,0,3,11,0,0,6,7,6,7,0,0,0,5,7,0,5,0,0,14,10,0,5,0,7,11,0,8,0,7,10,0,6,0,0,0,11,14,0,7,0,6,0,0,11,11,0,6,0,0,7,0,9,11,4,5,9
S080,0,5,8,0,0,0,0,6,0,2,0,1,0,0,0,0,0,0,8,0,0,0,0,0,0,0,3,5,0,0,4,4,0,0,0,0,0,0,0,0,0,7,3,0,0,0,0,0,0,7,6,0,0,0,0,0,0,0,0,5,0,0,0,1,0,0,0,0,0,0,0,5,0,0,0,2,0,1,1,0,6,0,0,0,0,0,0,0,0,6,0,0,0,0,0,5,0,0,0,0,0,0,0,0,9,0,11,3,11,0,7,0,0,12,0,7,0,0,0,9,10,6,0,0,1,0,0,0,0,0,10,0,0,3,0,0,0
S081,4,0,5,0,0,0,0,6,0,8,0,2,0,0,0,6,0,0,0,0,0,0,0,0,0,0,0,3,0,0,4,1,0,8,0,0,0,0,0,0,0,6,0,0,0,0,0,0,4,6,7,0,4,0,0,0,0,0,0,4,0,0,0,0,0,0,0,0,0,0,0,4,0,0,0,0,0,0,0,0,0,0,0,0,0,0,1,0,0,0,1,0,0,0,6,4,8,2,0,0,0,0,0,0,0,4,0,0,0,0,0,0,0,0,2,4,0,0,0,7,0,0,0,0,6,0,7,0,0,0,0,0,0,8,3,0,0
S082,0,0,0,4,0,5,0,0,0,0,0,0,0,5,3,8,8,10,8,0,0,0,0,0,7,0,9,10,0,0,11,0,10,5,0,6,0,6,5,0,1,0,0,0,0,0,0,0,4,14,11,0,0,0,0,6,0,0,0,6,7,0,0,0,0,0,0,0,2,0,0,8,10,0,0,0,0,0,0,0,6,5,0,0,0,0,0,0,0,10,0,8,0,0,0,0,4,0,0,7,8,0,0,9,0,6,0,0,0,0,0,0,0,0,0,0,6,0,0,0,9,7,3,0,3,3,4,3,0,0,8,0,0,8,0,0,0
S083,0,0,0,0,0,0,0,0,0,0,0,0,0,0,0,0,0,0,0,0,0,0,0,0,0,0,0,0,0,0,0,0,0,0,1,0,0,0,0,0,0,0,0,0,0,0,0,0,0,0,0,0,0,0,0,0,0,0,0,0,0,0,0,0,0,0,0,0,0,0,0,0,0,0,0,0,0,0,0,0,0,0,0,0,0,0,0,0,0,0,0,0,0,0,0,0,0,0,0,0,0,0,0,0,0,0,0,0,0,0,0,0,0,0,0,0,0,0,1,0,0,0,0,0,0,0,0,0,0,0,0,0,0,0,0,0,0
S084,0,0,6,0,2,3,0,0,0,0,0,2,3,0,0,0,6,6,0,0,0,0,0,0,10,0,4,0,0,0,0,1,0,5,0,1,0,0,0,0,0,0,0,0,0,0,0,0,0,0,4,0,0,0,0,0,0,0,1,0,0,0,0,0,0,0,0,0,0,0,0,0,0,2,1,0,0,0,0,0,1,0,0,0,0,0,0,7,0,0,0,0,0,0,0,0,10,0,0,0,0,0,0,5,0,0,8,0,0,0,0,0,0,0,0,1,0,0,0,0,0,9,0,0,0,0,0,0,0,0,0,0,0,4,0,0,0
S085,0,0,7,0,8,0,4,0,0,5,0,6,4,9,0,5,6,1,0,0,7,0,8,3,0,3,0,6,6,6,4,0,9,11,7,0,7,10,8,0,0,0,8,0,0,0,7,0,3,7,0,0,0,0,0,6,0,0,0,7,0,0,0,0,0,4,0,0,8,0,0,0,11,8,5,0,0,0,0,0,0,2,0,9,0,3,5,8,7,3,0,9,0,0,4,8,0,0,0,9,0,0,0,0,6,0,0,0,17,0,0,0,5,9,10,9,0,11,0,6,0,0,0,0,0,6,14,0,0,0,9,0,8,0,6,0,4
S086,0,8,0,6,0,9,1,9,6,7,0,6,7,0,7,0,10,0,0,0,1,0,0,0,0,3,0,0,0,0,0,9,11,0,0,0,0,0,0,0,0,0,0,0,0,0,6,0,6,9,6,0,0,0,7,0,0,0,0,0,0,0,0,0,0,0,0,7,4,0,0,5,0,7,0,0,0,7,0,0,0,0,0,10,0,4,3,10,4,0,0,9,0,0,7,0,0,0,0,7,0,0,0,0,0,7,4,3,0,0,0,0,0,10,8,0,6,8,0,0,10,0,5,0,7,4,0,0,0,0,0,0,11,4,9,11,7
S087,0,0,0,0,0,7,0,0,0,2,0,0,0,0,0,0,11,0,0,0,0,0,0,0,8,1,0,2,2,3,1,7,3,7,6,3,0,0,0,0,0,0,2,0,0,0,0,0,0,6,0,0,0,0,8,0,0,0,0,0,0,0,0,0,0,0,0,0,0,0,0,6,0,0,2,0,0,0,0,0,8,0,0,0,1,0,0,6,0,0,0,0,0,0,3,8,0,0,0,0,0,0,0,0,5,3,0,0,6,8,4,0,2,0,7,0,0,10,0,8,10,0,0,0,0,0,0,0,0,0,4,0,11,0,4,0,0
S088,0,0,5,0,0,0,0,0,0,0,0,0,0,0,3,0,7,0,0,0,1,0,0,0,0,0,0,0,0,0,0,0,10,6,0,0,0,0,0,0,0,0,0,0,0,0,2,0,0,0,0,0,0,0,0,0,0,0,0,0,0,0,0,0,0,0,0,0,0,0,0,0,6,0,0,0,0,0,0,0,0,4,0,0,0,0,0,0,0,0,0,0,0,0,0,0,0,0,0,0,0,0,0,4,2,0,4,0,0,0,0,0,0,0,0,0,0,0,0,8,0,0,0,0,4,0,0,0,0,0,4,0,0,3,0,1,0
S089,0,9,5,5,0,3,0,0,0,0,1,0,3,10,5,4,0,0,7,0,0,0,10,0,0,1,0,0,0,4,0,8,0,2,9,6,0,11,0,0,0,9,0,0,0,0,8,0,6,8,0,0,10,0,8,11,0,0,0,9,0,0,0,0,0,0,0,6,5,0,0,0,3,0,0,0,0,8,0,0,0,8,0,0,0,0,0,8,0,13,0,10,0,0,6,7,10,0,0,0,0,0,0,0,4,2,9,0,0,5,0,0,0,0,0,13,8,6,0,6,4,10,0,0,0,0,0,0,0,0,6,0,10,8,0,0,0
S090,7,9,0,0,0,7,12,13,0,0,5,8,0,3,4,0,7,0,4,0,8,0,8,0,0,7,4,8,0,0,9,0,7,5,10,12,0,0,0,1,2,6,0,0,0,0,0,0,0,6,11,0,9,0,3,6,0,0,8,6,7,0,0,0,0,9,7,9,0,0,6,5,4,10,0,10,14,10,0,0,0,10,0,0,0,4,10,11,0,0,0,10,0,7,4,8,0,0,0,0,0,0,10,0,7,0,9,6,0,11,4,0,6,0,11,9,5,9,0,7,8,0,11,7,7,0,15,10,4,0,7,0,0,7,11,12,0
S091,0,0,9,0,7,0,0,9,8,0,0,0,7,0,7,15,0,8,13,0,7,0,6,0,14,3,12,8,8,6,8,0,9,0,0,0,0,0,8,0,0,7,0,0,4,4,0,0,0,0,6,0,0,0,0,8,0,0,7,0,4,5,0,0,0,3,6,0,8,0,10,5,18,0,0,3,0,0,0,0,9,9,0,7,0,7,6,0,0,6,0,0,0,0,0,12,7,1,0,12,0,6,0,0,7,0,8,0,0,0,12,0,6,0,0,0,0,5,0,12,0,0,3,0,0,4,5,0,0,0,10,6,13,9,8,8,8
S092,4,8,6,9,9,0,0,0,5,9,0,13,11,5,6,11,0,10,7,0,4,0,9,8,0,4,0,0,12,0,0,8,7,11,4,0,6,5,11,0,7,16,0,0,14,0,14,0,8,0,0,0,0,4,0,10,12,11,8,11,19,9,0,0,11,0,0,7,6,0,0,9,0,0,0,0,0,6,4,5,0,0,4,0,9,3,7,8,8,12,0,0,7,0,15,0,9,10,0,0,0,8,6,0,10,9,0,0,0,9,12,1,14,12,8,9,0,0,4,8,5,0,0,9,10,9,9,0,4,0,13,0,0,0,9,12,8
S093,0,0,4,0,0,0,4,8,0,0,0,0,0,0,0,0,7,4,6,3,0,0,0,0,0,0,0,0,0,0,3,0,0,0,12,0,0,0,0,0,0,0,0,0,0,0,4,0,0,7,12,0,0,0,7,5,0,0,0,4,0,0,0,0,0,0,0,0,6,1,0,0,0,0,0,0,0,0,0,0,0,0,0,6,0,3,0,0,0,0,0,0,0,0,0,0,0,0,0,0,0,0,0,6,3,0,0,0,0,0,0,0,0,0,0,0,0,0,5,0,0,8,0,0,0,0,0,0,0,0,8,0,5,0,0,7,0
S094,0,0,4,0,0,0,0,0,0,0,0,0,1,0,0,0,14,0,0,0,0,0,2,0,8,0,4,0,0,0,0,7,0,2,3,4,0,0,8,1,0,9,0,0,0,0,8,0,0,0,5,0,0,0,11,0,0,0,0,0,0,0,0,0,0,0,0,0,0,0,0,8,7,2,0,0,0,0,0,0,0,0,0,3,0,0,0,7,0,4,0,0,0,0,0,0,0,0,0,1,0,0,0,7,0,0,8,3,0,0,0,0,0,13,0,0,0,4,0,8,9,6,0,0,0,0,0,0,0,0,0,1,7,0,11,5,1
S095,1,7,0,0,0,6,0,0,9,4,0,3,0,0,0,3,10,0,8,0,0,0,8,0,8,0,7,0,0,0,8,0,8,11,5,0,0,16,11,0,0,8,0,0,0,0,0,3,4,13,10,0,0,0,0,0,0,7,0,0,0,0,0,0,4,2,7,0,0,0,0,0,0,0,0,0,0,7,0,0,7,5,0,3,3,0,9,12,0,5,3,8,1,0,0,9,0,0,0,6,6,0,5,6,13,0,0,0,10,0,0,0,0,8,13,8,5,0,8,12,0,7,3,0,12,0,0,0,0,0,13,6,10,0,9,0,4
S096,0,0,10,0,0,0,4,5,0,0,0,0,0,4,0,0,8,19,13,0,1,0,0,0,10,0,0,3,0,0,0,4,10,2,0,0,0,0,6,0,0,0,0,0,1,0,0,0,0,6,7,0,5,0,12,0,0,0,0,0,0,0,0,0,0,0,0,7,4,0,0,11,11,0,0,0,0,6,0,0,5,0,0,0,0,0,0,0,0,0,0,7,0,0,7,9,0,2,0,0,0,4,3,11,11,7,14,5,13,7,12,0,2,12,0,0,0,0,3,0,16,0,0,0,4,0,7,0,0,0,0,5,8,0,3,0,3
S097,0,9,3,0,0,0,6,15,0,8,0,7,5,8,0,8,15,8,0,0,0,0,0,6,13,0,3,7,7,0,8,0,11,0,7,0,3,0,5,0,0,6,0,0,5,3,4,0,0,9,7,0,6,7,11,6,4,3,0,0,0,0,0,0,0,0,7,0,6,0,7,7,9,0,0,7,6,0,4,0,0,0,0,5,0,5,7,0,6,11,0,14,1,0,7,10,8,0,0,0,0,0,0,14,10,0,0,6,10,10,5,0,5,6,7,6,0,11,0,9,13,7,0,0,0,0,6,5,0,0,0,7,0,0,0,8,0
S098,0,0,0,0,0,0,0,0,0,0,0,0,0,0,0,0,0,0,0,0,0,0,0,0,0,0,0,0,0,0,0,0,0,2,0,0,0,0,0,0,0,0,0,0,0,0,0,0,0,0,0,0,0,0,2,0,0,0,0,0,0,0,0,0,0,0,0,0,0,0,0,0,0,0,0,0,0,0,0,0,0,0,0,0,0,0,0,0,0,0,0,0,0,0,0,0,0,0,0,0,0,0,0,0,0,0,0,0,0,0,0,0,0,0,0,0,0,0,0,0,0,0,0,0,0,0,0,0,0,0,0,0,0,0,0,0,0
S099,0,0,5,1,2,0,0,0,0,0,0,0,0,0,0,0,0,0,11,0,0,0,0,0,0,0,0,0,0,0,2,0,0,0,5,0,0,0,0,0,0,8,0,0,0,0,0,0,0,0,5,0,0,1,7,0,0,0,0,0,0,0,0,0,0,0,0,0,0,0,0,3,0,0,0,0,0,0,0,0,0,0,0,0,0,0,0,0,0,0,0,0,0,0,0,0,0,0,0,0,0,0,0,0,0,0,0,0,0,0,3,0,0,0,3,0,0,0,0,0,5,7,0,0,0,0,0,0,0,0,0,0,0,0,4,0,0
S100,0,1,0,0,0,0,0,0,0,0,0,0,0,0,0,0,0,3,3,0,0,0,0,0,0,0,0,0,0,0,0,0,0,0,4,0,0,0,0,0,0,0,0,0,0,0,0,0,0,0,5,0,0,0,0,0,0,0,0,0,0,0,0,0,0,0,0,0,0,0,0,0,2,0,0,0,0,0,0,0,0,0,0,0,0,0,0,0,0,0,1,0,0,0,0,0,0,0,0,0,0,0,0,0,2,1,9,0,0,0,0,0,0,0,0,0,0,0,0,0,4,0,0,0,0,0,0,0,0,0,0,0,0,0,0,0,0
S101,0,0,0,0,0,0,0,0,0,4,0,0,0,0,0,0,0,0,8,0,0,0,0,0,0,0,0,0,0,0,0,0,0,3,7,0,0,1,3,0,0,0,0,0,0,0,0,0,0,0,0,0,0,0,4,0,0,0,0,0,0,0,0,0,0,0,0,0,0,0,0,7,0,0,0,1,0,0,0,0,0,0,0,2,0,0,0,0,0,0,0,2,0,0,0,0,6,0,2,0,0,0,0,0,8,0,0,0,0,0,3,0,0,4,0,0,0,5,3,6,5,9,0,0,0,0,0,0,0,0,7,0,0,0,0,0,0
S102,0,0,8,0,0,0,0,0,0,0,0,0,0,0,0,5,6,0,0,0,0,0,0,0,0,0,0,0,0,1,0,0,0,0,0,0,0,5,0,0,0,0,1,0,0,1,0,0,0,0,0,0,0,0,0,0,0,0,0,0,0,0,0,0,0,0,0,0,0,0,0,0,0,0,0,0,0,0,0,0,0,1,0,0,0,0,0,4,0,0,0,0,0,0,0,0,0,0,0,0,0,0,0,0,0,0,6,0,8,0,0,0,0,3,0,0,0,0,0,10,6,0,0,0,0,0,0,0,0,0,5,3,0,0,0,0,0
S103,0,15,0,10,7,1,0,5,9,0,0,0,7,13,0,0,12,6,6,15,0,0,9,8,9,4,0,2,10,0,0,5,6,10,8,0,7,0,10,6,0,11,10,0,0,9,9,0,0,13,8,8,13,7,0,0,4,3,0,14,0,0,8,0,6,0,5,10,5,6,9,12,4,0,5,7,12,0,0,17,5,9,5,6,8,0,0,10,8,6,7,7,0,0,0,0,17,13,0,8,11,0,12,12,0,0,16,0,0,12,7,6,8,8,8,8,7,7,9,10,4,0,0,10,0,8,12,0,6,6,12,9,11,8,11,8,0
S104,0,0,4,0,4,0,0,0,0,0,0,0,0,0,0,0,0,0,0,0,1,0,0,0,0,0,0,0,0,0,0,2,0,6,8,0,0,0,0,0,0,9,0,0,0,0,0,0,0,0,0,0,0,0,6,0,0,0,0,3,0,1,0,0,0,0,1,2,0,0,0,0,0,0,0,0,0,0,0,0,0,0,0,0,0,0,1,0,0,6,0,6,0,0,0,3,0,0,0,0,0,2,2,0,0,0,0,0,0,0,0,0,0,9,0,0,0,0,0,9,0,6,0,0,0,0,0,3,0,0,0,0,0,0,0,0,0
S105,0,0,11,0,5,0,2,7,0,0,0,6,4,0,0,4,0,5,2,0,0,0,0,0,0,0,9,0,3,0,5,0,4,0,7,0,0,0,8,0,0,0,0,0,0,0,0,0,0,7,10,0,0,0,9,0,2,9,0,0,0,0,0,0,0,2,0,0,8,1,0,0,0,0,0,0,5,0,0,0,0,6,0,3,0,0,0,0,0,8,0,13,0,0,3,6,6,0,0,0,0,4,0,0,8,0,14,4,4,0,5,0,0,3,0,0,0,0,2,0,5,0,0,0,5,5,0,0,0,0,7,7,0,0,0,11,2
S106,0,10,6,10,7,0,0,0,0,7,0,6,0,14,3,0,5,13,10,0,0,0,12,0,11,5,5,0,0,0,9,12,0,0,7,0,6,6,0,0,0,8,0,0,0,0,0,0,10,0,9,0,0,0,0,3,5,6,0,6,0,0,0,0,1,0,0,5,12,0,0,0,0,5,0,4,0,13,0,0,0,4,0,0,0,7,11,5,0,11,0,0,0,0,0,10,9,4,0,4,5,0,6,9,0,5,0,10,8,4,7,0,6,0,0,8,0,5,0,0,0,0,0,0,0,3,5,0,0,0,11,0,8,0,0,0,0
S107,0,6,10,0,0,7,0,8,0,9,0,12,7,0,7,0,8,13,0,0,0,0,5,0,10,0,11,7,0,10,9,9,8,6,12,0,11,0,5,0,0,5,0,3,0,4,6,3,0,0,0,0,3,0,11,0,9,0,7,12,0,0,0,0,3,0,3,0,12,1,9,7,5,0,0,0,0,0,0,0,7,9,0,0,0,0,6,0,8,4,8,9,0,0,1,0,0,0,7,0,0,0,0,11,5,10,7,8,10,10,11,0,0,13,0,0,0,6,0,7,8,7,12,0,0,8,9,8,0,0,5,11,9,0,8,11,0
S108,0,4,0,0,0,4,0,10,0,0,0,0,4,7,3,9,0,9,0,0,0,0,0,0,9,0,0,7,0,5,3,0,0,0,0,7,0,4,9,0,0,0,4,0,0,1,10,0,0,0,11,0,0,0,8,5,3,0,9,0,2,0,0,0,0,7,0,13,6,0,0,10,0,5,0,0,0,0,0,0,5,0,0,0,1,0,10,11,1,7,0,1,0,0,0,0,0,0,0,8,6,6,0,6,0,7,19,0,0,0,6,0,0,0,0,0,0,11,0,9,0,0,0,0,3,3,0,0,0,0,11,0,10,8,2,0,3
S109,0,0,10,0,0,0,0,0,0,0,0,0,0,1,0,0,0,0,0,0,0,0,0,0,0,0,0,0,0,0,0,0,0,0,0,0,0,4,0,0,0,0,0,0,0,0,3,0,0,0,6,0,0,0,4,0,0,0,3,0,0,0,0,0,0,0,0,0,0,0,0,6,0,0,0,0,0,0,0,0,0,0,0,0,0,0,3,0,0,0,0,3,0,0,0,5,6,0,0,0,0,0,0,0,5,0,4,0,0,0,0,0,0,4,0,0,0,0,0,9,0,7,0,0,4,0,0,0,0,0,6,0,0,0,0,0,0
S110,0,0,0,1,0,0,0,0,0,0,0,0,0,0,0,0,8,0,7,0,0,0,0,0,0,0,0,3,0,0,0,0,0,0,0,0,0,0,0,0,0,6,3,0,0,0,0,0,0,0,0,0,2,0,0,0,0,3,0,0,0,0,0,0,0,0,1,2,0,0,0,0,4,0,0,0,0,0,0,0,0,0,0,0,0,0,0,4,0,0,0,0,0,0,0,6,0,0,0,7,0,0,0,9,0,0,0,0,0,0,0,0,0,0,0,0,1,0,0,0,4,7,0,0,0,0,0,0,0,0,0,0,0,0,3,0,7
S111,0,0,3,0,1,0,0,0,0,0,0,0,0,0,0,0,0,0,0,0,0,0,0,0,1,0,0,0,0,0,0,0,0,0,0,1,0,0,0,0,0,0,0,0,0,0,1,0,0,0,0,0,0,0,0,0,0,0,0,0,0,0,0,0,1,0,0,0,0,0,0,3,0,0,0,0,0,0,0,0,1,0,0,0,0,0,0,2,0,0,0,0,0,0,0,0,5,0,0,0,0,0,0,0,4,0,0,0,0,0,0,0,0,4,0,0,0,0,0,0,0,0,0,0,0,0,0,0,0,0,0,0,0,0,0,3,0
S112,0,0,9,5,5,11,0,6,9,7,3,9,9,14,6,0,0,0,9,0,0,12,0,8,10,7,7,8,7,15,5,0,0,10,0,0,5,0,10,6,10,7,8,7,0,11,0,0,0,12,13,3,8,0,15,0,9,0,4,10,7,10,9,0,10,6,13,0,7,0,6,7,7,8,0,0,13,7,4,0,10,9,7,0,6,0,0,8,0,9,0,10,0,9,5,14,10,0,9,0,6,0,0,0,0,6,0,8,5,13,11,4,12,0,0,8,9,9,0,6,9,6,0,0,0,6,7,0,0,0,5,12,9,0,16,12,7
S113,0,0,4,0,0,0,0,0,0,0,0,0,0,0,1,0,9,4,3,0,0,0,0,0,4,0,1,0,0,0,0,0,4,0,7,0,0,0,0,0,0,0,0,0,0,0,5,0,1,0,12,0,0,0,4,1,0,0,0,0,0,0,0,0,0,0,0,0,0,0,1,0,0,0,0,0,0,0,0,0,5,1,0,0,0,0,0,9,3,0,0,5,0,0,0,0,0,0,0,0,0,0,0,4,0,0,9,0,10,3,0,0,0,3,0,0,0,12,0,3,0,0,0,0,0,0,0,0,0,0,0,0,0,1,0,0,0
S114,5,11,11,5,6,1,4,0,0,7,8,0,0,0,5,13,0,7,3,5,10,7,13,10,12,0,0,0,10,11,0,9,8,10,12,6,0,8,11,0,8,14,0,0,10,7,7,8,9,7,0,9,10,10,0,12,0,0,8,0,11,9,0,0,10,0,14,0,11,5,8,11,0,0,0,0,6,8,0,0,0,10,7,9,8,0,0,8,0,0,0,0,0,10,9,9,0,5,13,5,0,9,9,6,5,6,8,0,10,10,0,9,5,6,0,0,0,9,0,0,9,12,0,8,14,8,10,0,15,10,0,0,8,10,10,7,0
S115,0,0,0,0,0,0,0,0,0,0,2,0,0,0,0,0,0,0,0,0,0,0,0,0,5,0,0,0,0,0,0,0,7,0,0,0,0,0,4,0,0,0,0,0,3,0,1,0,0,1,0,0,0,0,3,0,0,0,0,0,0,0,0,0,1,0,0,0,0,0,0,2,0,0,0,0,0,0,0,0,0,0,1,0,0,0,0,8,0,0,0,0,0,0,0,0,0,0,0,0,0,0,1,4,6,0,0,0,0,0,0,0,0,0,4,0,0,6,0,0,0,0,0,0,4,0,0,0,0,0,5,0,0,0,2,0,0
S116,0,3,0,0,0,0,0,0,0,7,0,0,0,0,0,8,0,10,0,0,0,0,0,0,7,0,0,0,0,0,0,0,0,0,6,0,0,3,0,0,0,0,0,0,0,0,0,0,0,2,0,0,0,0,0,0,0,0,0,0,0,0,0,0,0,0,0,0,0,0,1,10,0,0,2,0,0,3,0,0,0,0,0,2,0,0,0,0,0,0,0,0,0,0,0,0,0,0,0,0,0,1,0,0,0,0,12,0,0,9,7,0,0,0,0,2,0,5,0,8,0,0,0,0,0,0,0,0,0,0,8,1,0,0,0,8,0
S117,0,0,0,0,0,1,0,0,0,0,0,0,4,0,3,5,0,0,4,0,0,0,0,0,0,0,0,0,0,0,0,0,0,0,7,0,0,0,0,0,1,0,0,0,0,0,0,0,0,0,0,0,0,0,7,0,0,0,0,0,0,0,0,0,0,0,0,0,0,0,0,0,3,0,0,0,3,2,0,0,0,0,0,0,0,0,2,7,0,8,0,0,0,0,0,6,0,0,0,0,0,0,0,5,0,0,0,0,0,3,0,0,0,6,0,0,0,7,0,10,6,0,0,0,0,0,0,0,0,0,7,0,0,0,0,0,0
S118,0,0,2,0,0,12,0,0,0,0,1,0,0,0,0,6,12,0,0,0,0,0,0,0,0,0,5,3,0,0,8,6,10,6,0,0,0,7,9,0,0,8,0,0,0,2,0,0,7,0,0,0,0,0,13,0,0,0,0,3,0,0,0,0,3,4,0,0,0,0,7,3,11,0,0,0,0,0,0,0,8,0,0,0,1,0,1,0,0,7,0,5,0,0,3,4,10,0,0,0,6,5,0,0,0,5,0,0,13,4,0,0,3,7,4,0,0,0,6,7,0,3,0,0,0,0,0,0,0,0,0,3,5,0,6,6,0
S119,0,0,0,0,0,0,0,0,0,0,0,0,0,0,0,0,16,0,0,0,0,0,0,0,0,0,0,0,0,0,0,0,6,0,6,0,0,0,0,0,0,0,0,0,0,0,3,0,0,0,0,0,0,0,0,0,0,0,0,0,0,0,0,0,0,0,0,0,0,0,0,0,0,0,0,0,1,0,0,0,0,0,0,0,0,0,0,0,0,7,0,0,0,0,0,0,0,0,0,0,0,0,0,11,4,0,0,0,0,0,0,0,0,0,1,0,0,0,0,9,9,6,0,0,0,0,6,0,0,0,0,0,0,0,0,4,0
S120,0,0,0,0,0,0,0,0,0,0,0,0,0,0,0,0,0,0,5,0,0,0,0,0,0,0,2,1,0,3,0,0,2,0,7,0,0,0,0,0,0,2,0,0,0,0,0,0,0,0,0,0,0,0,0,0,0,8,0,0,0,0,0,0,0,0,0,2,4,0,0,0,0,0,0,0,0,0,0,0,0,0,0,0,0,0,0,0,0,0,0,0,0,0,0,6,0,0,0,0,0,0,0,0,6,0,0,3,0,0,4,0,0,5,0,0,0,0,0,0,0,0,0,0,0,0,0,0,0,0,4,0,2,0,3,0,0
S121,0,0,0,0,0,0,0,0,0,0,0,0,0,2,0,6,7,0,0,0,1,0,0,2,2,0,0,1,0,0,2,2,0,0,7,0,0,0,5,0,0,0,0,0,0,0,0,0,4,0,4,0,0,0,0,0,0,0,0,0,0,0,0,0,0,0,0,0,0,0,0,0,7,0,1,0,3,0,0,0,0,0,0,0,0,0,1,0,0,0,0,3,0,0,0,0,7,0,0,0,2,0,0,2,0,0,0,0,6,0,6,0,0,9,0,2,0,0,0,0,10,0,0,0,0,0,0,0,0,0,0,5,0,0,0,0,4
S122,0,0,0,0,0,0,0,0,0,0,0,0,0,0,0,3,15,0,3,0,0,0,3,0,3,0,0,0,0,0,4,0,0,6,5,3,0,0,3,0,2,9,2,0,0,2,10,0,0,4,6,0,0,0,7,0,0,1,0,0,1,0,0,0,0,0,0,0,0,0,4,6,0,0,0,0,0,0,0,0,0,0,0,0,0,0,0,0,0,8,0,0,0,0,0,0,11,0,0,0,0,0,0,0,0,0,3,4,10,9,7,0,0,12,0,0,0,4,0,9,6,5,0,0,0,0,5,1,0,0,11,0,0,0,8,5,0
S123,0,0,0,5,0,0,0,0,2,0,0,0,0,10,0,0,9,0,0,0,7,0,5,0,6,0,7,5,3,3,0,0,0,6,11,0,2,0,11,0,0,8,0,0,0,0,0,0,0,0,7,0,2,0,9,2,0,0,0,9,0,0,0,0,0,2,5,6,4,0,0,0,13,0,0,0,0,0,0,0,0,0,0,0,0,0,0,7,0,0,0,0,0,0,3,7,2,0,0,4,0,8,0,8,11,0,0,0,0,6,0,2,0,10,0,0,0,0,9,0,10,0,0,0,0,0,0,0,0,0,7,0,9,0,8,0,0
S124,0,8,6,6,11,11,10,9,0,11,0,0,11,0,0,7,2,0,9,0,0,0,10,0,0,0,5,8,0,11,0,14,0,0,7,0,9,0,17,9,10,8,0,0,0,7,0,8,7,0,0,9,0,15,5,10,0,0,0,5,5,9,0,0,0,7,9,0,11,9,0,0,11,0,5,12,9,12,0,0,12,15,8,0,10,0,5,4,8,0,13,0,13,9,11,10,8,11,11,0,0,10,7,0,6,3,8,9,0,0,0,17,9,0,0,2,0,0,8,3,9,10,10,0,12,11,10,0,6,0,12,9,10,0,0,6,0
S125,0,11,0,9,0,6,6,9,0,0,8,0,5,8,5,5,0,7,0,0,8,0,0,0,0,3,6,11,0,10,7,0,0,11,0,0,0,11,0,5,9,8,8,0,0,0,10,0,0,0,0,0,8,0,0,8,5,5,8,0,5,0,6,0,0,6,0,11,7,0,9,8,9,0,0,8,0,0,0,0,0,0,0,0,6,7,12,12,4,9,0,0,0,0,6,8,6,0,7,0,4,3,8,11,12,5,4,8,9,0,0,0,11,0,10,0,9,11,0,0,0,12,4,0,14,0,14,0,0,0,0,0,0,0,13,0,0
S126,0,10,11,0,0,0,2,11,7,4,0,4,12,0,0,10,0,12,8,0,0,2,0,6,0,7,0,0,8,5,0,0,6,11,10,1,4,0,0,0,0,0,3,0,0,0,5,3,9,9,10,0,3,4,5,6,6,0,0,10,9,0,0,0,6,0,5,0,8,0,0,0,0,0,0,2,10,0,0,1,4,9,0,0,0,7,0,0,0,4,0,6,0,0,13,11,0,0,0,0,10,0,0,0,0,6,8,0,8,13,2,0,0,12,0,0,0,7,0,10,0,8,0,0,6,0,0,0,0,0,7,5,0,5,9,2,0
S127,0,0,12,0,0,0,0,0,0,0,0,0,0,0,0,0,0,10,9,0,0,0,0,0,0,0,0,0,0,0,0,3,1,0,7,0,0,7,5,0,0,6,4,0,0,0,0,0,0,6,4,0,0,0,6,0,0,1,0,0,0,0,0,0,0,0,0,2,5,0,0,0,0,0,0,0,0,0,0,0,0,0,0,0,0,0,0,9,0,0,0,0,0,0,0,0,0,3,1,0,0,0,0,8,9,0,13,4,5,0,8,0,0,0,4,0,0,5,0,5,4,6,0,0,2,0,0,0,0,0,6,0,0,0,0,9,0
S128,5,4,12,4,15,0,0,0,11,9,10,9,0,0,0,0,0,6,10,17,7,0,9,7,4,10,7,11,8,9,0,6,0,6,0,0,10,6,0,0,3,9,8,0,0,0,0,5,11,11,6,0,0,0,9,6,5,10,9,5,12,4,0,0,0,10,9,10,0,10,7,11,0,0,10,11,0,10,0,0,9,0,6,0,0,4,0,0,0,9,8,8,9,6,0,12,9,6,8,12,6,12,0,0,7,0,13,0,5,0,0,0,0,0,9,0,5,12,8,0,8,8,0,13,0,12,0,0,11,0,9,11,0,9,5,6,12
S129,0,0,0,0,0,0,0,8,0,0,0,0,5,0,7,0,11,8,0,0,7,0,7,0,0,0,14,7,3,0,11,0,9,4,13,7,0,0,4,0,0,0,6,0,0,0,0,0,0,12,9,0,0,5,17,0,0,2,0,0,0,3,0,0,0,0,0,0,0,0,0,0,9,0,0,0,0,5,0,0,9,0,0,7,0,10,0,0,0,12,0,11,0,0,0,0,14,4,0,9,0,11,0,9,12,0,5,0,14,0,0,0,0,0,0,0,0,7,10,0,0,10,0,0,7,6,0,0,0,0,0,0,0,0,8,9,0
S130,0,0,0,3,0,0,5,7,6,0,0,7,0,0,8,0,5,7,0,0,0,0,5,10,0,7,0,8,10,0,5,0,9,6,0,5,0,10,5,4,0,0,0,0,0,0,0,0,0,11,0,0,0,0,11,10,0,0,6,8,0,4,7,0,0,9,5,11,0,0,5,10,12,7,2,10,11,12,0,3,8,7,0,0,0,2,7,9,0,0,3,0,8,0,3,9,6,0,0,8,0,5,13,0,11,0,10,0,8,14,0,0,0,0,6,0,0,0,0,14,0,7,0,0,12,0,0,0,0,0,6,0,5,0,5,10,9
S131,2,0,4,15,7,0,10,0,9,10,0,6,0,14,8,0,0,10,0,6,10,0,0,0,0,0,0,8,11,10,5,13,0,0,0,0,10,9,5,0,0,11,13,0,10,0,0,0,10,11,6,0,0,1,14,10,8,8,9,9,0,0,2,0,9,0,5,0,5,0,9,8,8,15,0,5,8,0,10,0,10,4,0,5,0,6,0,3,0,0,10,10,0,0,9,8,10,5,7,8,7,11,5,7,9,0,0,12,8,8,13,0,0,0,0,9,0,0,0,6,10,0,0,6,11,6,0,0,0,0,8,14,0,0,10,5,14
S132,6,9,0,0,0,8,0,0,0,0,0,0,0,9,0,0,0,10,8,0,7,0,8,11,4,4,0,0,0,0,11,12,0,12,0,7,0,3,8,5,0,6,6,0,0,6,0,0,0,10,8,0,0,0,11,6,5,12,0,0,0,0,0,0,0,7,7,8,0,0,0,11,11,8,0,6,0,0,0,7,5,9,0,7,9,9,4,0,0,8,0,13,0,0,8,8,10,0,0,6,2,11,8,10,0,7,0,12,0,6,8,0,0,9,0,15,0,17,9,4,0,10,4,0,9,0,0,0,0,0,0,10,0,0,0,0,10
S133,0,0,6,0,0,0,0,0,0,6,0,3,0,0,0,0,0,8,0,0,0,0,0,0,15,0,0,0,4,0,0,0,10,0,8,0,0,7,8,0,0,8,0,0,0,0,0,0,0,0,4,0,0,0,0,0,0,0,0,0,0,0,0,0,0,0,0,8,6,0,0,6,9,0,0,0,5,6,0,0,0,0,0,0,0,0,0,0,0,6,0,0,0,0,0,7,7,5,1,8,0,0,4,11,8,0,0,0,0,7,0,0,0,4,0,0,4,0,8,5,0,6,3,0,3,5,0,1,0,0,8,4,0,6,0,0,0
S134,0,2,0,0,4,0,0,0,0,0,0,0,0,5,0,0,0,0,8,0,0,0,0,0,0,0,0,0,2,0,2,0,7,0,14,0,0,1,0,0,0,6,0,0,0,0,4,0,0,0,0,0,0,0,0,0,0,0,0,0,0,0,0,0,0,0,0,0,0,0,0,9,7,0,0,0,0,0,0,0,0,0,0,0,0,0,0,0,0,1,0,0,0,0,0,0,6,0,0,0,0,0,0,5,0,0,0,0,0,8,0,0,0,8,0,0,0,0,0,5,0,3,0,0,0,0,0,1,0,0,0,0,0,0,5,0,0
S135,0,8,14,8,0,11,8,0,14,8,4,0,8,13,0,0,8,10,0,10,6,0,0,8,14,2,8,16,0,10,0,5,0,8,10,2,0,11,10,0,10,10,6,0,0,9,0,6,8,0,13,0,7,0,10,0,6,12,6,0,0,0,0,3,0,0,0,0,0,0,11,5,0,6,0,0,8,0,0,0,4,0,0,0,4,9,2,0,5,6,12,13,9,10,0,5,8,8,5,11,9,5,9,8,8,4,0,0,0,6,0,3,9,12,9,12,9,8,0,9,8,8,14,15,0,6,12,12,6,0,0,11,13,0,9,0,8
S136,0,9,6,7,5,8,0,0,6,13,0,10,0,0,0,0,0,10,18,7,7,0,6,0,13,11,7,0,11,0,8,0,0,0,6,0,0,0,14,0,0,9,3,3,0,8,0,0,12,9,10,0,0,0,8,9,10,9,12,15,14,0,0,0,9,0,5,7,0,0,11,5,0,0,9,9,11,10,7,2,5,0,0,9,0,13,5,9,0,0,5,12,0,8,0,0,9,0,6,9,0,0,0,0,8,7,6,0,7,14,14,0,6,9,0,7,7,10,0,17,8,8,10,11,9,6,6,7,2,0,10,16,11,7,5,0,5
S137,0,0,0,1,0,0,0,0,0,0,0,0,0,0,6,0,10,0,10,0,3,0,0,0,3,0,7,0,6,0,9,11,6,5,0,10,0,5,0,0,0,14,0,0,0,0,7,0,4,0,8,0,0,0,8,5,5,6,4,3,0,0,0,0,0,0,0,0,0,0,0,12,6,5,0,0,0,0,0,0,0,3,0,4,0,2,5,7,0,9,0,0,0,0,2,11,12,0,0,0,6,0,0,9,0,0,6,5,0,0,0,0,0,10,3,0,0,0,8,0,5,7,0,0,0,4,7,0,0,0,0,0,0,0,7,6,0
S138,0,0,0,0,0,0,0,0,0,0,0,0,0,0,0,0,0,0,0,0,0,0,0,0,0,0,0,0,0,0,0,0,1,0,0,0,0,0,0,0,0,0,0,0,0,0,0,0,0,0,1,0,0,0,0,0,0,0,0,0,0,0,0,0,0,0,0,0,0,0,0,0,1,0,0,0,0,0,0,0,0,0,0,0,0,0,0,0,0,0,0,0,0,0,0,0,0,0,0,0,0,0,0,0,0,0,0,0,0,0,0,0,0,0,0,0,0,1,0,0,0,0,0,0,0,0,0,1,0,0,0,0,0,0,0,0,0
S139,0,0,0,0,0,9,0,0,3,0,0,3,0,0,7,0,0,4,16,0,9,3,6,0,9,2,14,9,5,6,0,0,15,0,5,0,0,7,10,0,0,8,9,0,0,0,0,4,3,13,3,0,0,0,11,0,0,0,0,7,4,0,0,0,1,0,6,0,9,0,0,5,5,7,0,5,0,0,0,0,8,0,0,5,0,0,0,10,0,0,0,12,5,0,0,0,0,8,0,0,0,3,0,5,6,0,12,3,7,10,9,1,0,5,0,0,7,0,0,0,0,15,6,0,10,8,9,0,0,0,6,0,7,9,0,5,0
S140,0,5,0,5,4,0,0,0,1,8,0,0,0,11,6,12,9,7,0,0,0,0,0,0,0,0,7,6,0,0,0,6,0,5,14,7,0,0,0,0,0,6,0,0,0,0,0,0,0,0,0,0,0,0,5,0,0,6,6,14,9,0,0,0,0,1,0,4,0,0,4,11,0,0,0,0,0,0,0,0,8,0,0,0,0,0,6,0,0,8,0,4,0,0,4,0,10,0,3,0,3,0,0,0,15,0,7,0,0,8,7,0,0,12,4,0,6,6,0,8,0,7,0,0,0,11,0,0,0,0,10,7,9,9,9,14,7
S141,3,5,0,8,7,0,0,0,10,9,0,9,15,0,0,15,0,14,11,0,6,0,9,0,12,0,7,10,5,0,9,9,0,6,0,10,0,6,8,0,0,10,8,0,0,0,8,0,0,0,7,0,13,0,0,0,7,0,0,0,9,7,0,0,0,10,0,5,6,0,0,9,10,9,0,0,0,11,0,0,0,8,0,9,0,0,0,0,0,13,0,0,0,0,10,7,8,4,0,0,0,13,0,9,8,5,7,0,0,10,3,0,0,7,8,0,0,10,11,9,6,8,0,0,0,4,8,2,0,0,6,0,0,0,9,9,7
S142,8,11,10,0,0,0,0,6,0,10,0,8,8,0,10,8,0,0,14,0,9,4,12,12,0,8,8,10,0,10,7,7,8,5,11,6,0,6,0,0,8,8,8,0,0,8,7,0,5,9,0,3,0,2,10,6,0,0,9,7,0,0,0,0,0,12,12,0,11,0,0,13,5,8,5,4,9,8,0,6,6,0,0,0,7,11,0,0,0,10,4,9,0,0,4,7,0,9,0,0,0,9,9,0,9,12,5,0,6,0,9,0,10,4,9,0,9,9,7,6,12,10,0,2,0,0,14,5,0,0,0,0,7,11,9,8,0
S143,0,0,0,0,0,0,0,0,0,0,0,0,0,0,0,0,0,0,0,0,0,0,0,0,5,0,0,0,0,0,0,0,4,0,0,0,0,0,0,0,0,2,0,0,0,0,2,0,0,0,6,0,0,1,0,0,0,0,0,2,0,0,0,0,0,2,0,0,6,0,0,0,11,0,0,0,0,0,0,0,0,0,0,0,0,0,0,5,0,0,0,0,0,0,1,0,0,0,0,0,0,0,0,0,8,0,0,0,5,0,0,0,0,0,0,0,1,0,0,4,5,0,0,0,0,0,0,0,0,0,0,1,0,4,0,2,0
S144,0,8,6,7,8,10,0,10,11,0,5,0,8,0,0,0,0,7,0,6,6,5,0,4,8,10,6,0,5,0,6,9,6,0,12,0,9,4,0,5,0,6,0,0,3,9,0,6,7,0,9,4,7,0,8,9,0,9,9,6,8,6,6,0,9,0,11,8,9,0,0,4,0,7,0,0,0,3,6,0,0,6,4,0,3,9,4,14,0,0,6,6,0,6,11,5,0,5,2,0,11,0,0,0,0,8,0,0,6,14,5,0,0,9,10,7,5,0,0,0,0,0,0,15,0,0,11,7,0,0,8,0,10,11,10,12,0
S145,0,11,0,0,7,6,0,0,6,0,0,0,0,5,0,0,11,10,10,0,0,0,0,0,10,0,4,11,0,0,0,0,0,0,4,0,0,6,9,0,0,10,3,0,0,0,5,0,10,5,5,0,0,0,8,2,0,0,0,0,0,0,0,0,0,0,0,9,5,0,0,7,0,0,0,0,0,6,0,0,5,0,0,6,0,0,7,7,0,7,0,0,0,0,0,0,0,3,0,0,0,0,0,0,0,5,11,7,13,0,0,0,0,0,0,0,6,9,14,6,8,9,0,0,10,0,3,1,0,0,12,5,0,8,3,8,0
S146,0,0,0,0,0,0,0,0,0,0,2,0,0,0,0,0,0,2,3,0,0,0,0,0,0,0,0,0,0,0,0,0,0,0,0,0,0,0,0,0,0,1,0,0,2,0,0,0,0,0,0,0,0,0,3,0,0,0,0,0,1,0,0,1,0,0,0,0,2,0,0,0,0,0,0,0,0,0,0,0,0,0,0,0,0,0,0,4,0,0,0,0,0,0,0,0,0,2,0,0,0,0,0,0,0,0,0,0,0,0,0,0,0,0,3,0,0,0,0,0,2,0,0,0,0,0,0,0,0,0,0,0,0,0,0,0,0
S147,0,7,9,4,10,0,0,7,0,6,0,8,5,6,8,6,0,4,8,0,2,0,11,0,8,0,7,0,0,0,0,3,0,0,0,4,0,3,0,0,1,7,0,0,0,0,10,0,0,8,6,1,0,0,0,0,0,11,6,0,3,0,0,1,3,4,0,7,6,0,0,7,0,0,0,0,0,0,0,0,2,13,0,10,0,2,0,8,0,0,0,0,0,2,7,9,0,0,0,0,0,0,4,9,6,0,12,0,9,9,0,0,0,0,0,11,7,0,0,0,6,0,0,2,0,5,7,0,0,0,0,0,3,8,8,12,0
S148,11,0,14,0,11,0,0,6,14,0,9,0,12,9,6,8,14,0,0,11,7,9,0,8,0,13,7,8,11,0,0,9,7,0,0,10,8,10,8,0,0,7,0,6,0,8,8,7,10,12,0,6,7,0,8,8,10,0,8,0,5,0,12,10,7,0,9,0,11,0,0,0,4,12,9,8,12,12,7,6,9,6,12,3,0,0,0,11,5,0,14,10,9,8,0,8,6,9,0,7,4,9,6,11,0,9,0,10,5,0,12,0,0,12,8,8,10,12,12,8,10,0,9,0,0,0,7,4,0,8,0,7,10,0,7,8,7
S149,0,4,11,0,9,4,0,8,0,8,0,0,8,0,0,10,7,6,0,0,7,0,6,0,7,0,10,0,0,9,6,0,10,9,0,10,0,7,13,0,0,0,0,0,0,0,0,0,8,9,11,0,5,0,10,0,4,2,4,7,5,7,0,0,0,0,5,0,0,0,7,7,0,0,2,7,7,7,5,0,8,7,0,0,0,10,0,0,0,0,3,0,3,0,0,7,0,5,3,7,0,8,7,12,0,0,0,0,13,5,7,0,0,0,7,0,0,9,5,3,0,9,0,0,8,0,0,0,0,0,8,8,12,12,7,0,0
S150,5,3,0,9,5,13,0,8,0,9,0,9,0,14,0,8,0,3,0,0,10,1,10,0,12,0,0,10,0,0,12,2,0,6,0,11,0,9,0,0,5,5,0,0,6,0,0,0,0,0,11,0,4,0,0,8,9,0,6,0,0,0,0,0,3,12,0,0,0,0,0,7,10,7,0,0,0,0,7,3,7,5,0,5,0,0,12,4,7,6,0,7,0,0,11,7,10,0,6,0,7,8,6,10,12,0,0,4,8,0,6,0,0,0,0,7,0,11,9,14,0,0,0,0,10,10,7,0,0,0,7,9,12,8,0,10,8
S151,0,0,4,0,7,0,6,12,0,4,0,3,0,11,9,0,6,0,5,0,8,0,4,0,0,0,0,10,9,5,0,10,9,5,11,7,0,0,7,0,5,5,0,1,0,0,6,3,0,0,0,0,0,3,8,0,0,0,5,9,8,0,0,0,0,0,9,5,10,0,10,12,12,0,0,0,0,7,0,0,0,0,0,7,0,0,9,12,0,16,0,9,0,0,4,4,0,0,3,0,0,9,2,6,0,0,0,6,11,0,0,0,0,11,8,0,10,9,0,8,7,0,6,4,8,2,0,0,0,0,0,11,8,10,5,9,4
S152,0,0,0,0,0,0,0,0,0,0,0,0,0,0,0,0,0,0,0,0,0,0,0,0,0,0,0,0,0,0,0,0,0,0,0,0,0,0,0,0,0,0,0,0,0,0,0,0,0,0,0,0,0,0,0,0,0,0,0,0,0,0,0,0,0,0,0,0,0,0,0,0,0,0,0,0,0,0,0,0,0,0,0,0,0,0,0,0,0,0,0,0,0,0,0,0,0,0,0,0,0,0,0,3,0,0,0,0,0,0,0,0,0,0,0,0,0,0,0,4,0,6,0,0,0,0,0,0,0,0,0,0,0,0,0,0,0
S153,0,8,7,0,9,0,6,12,10,0,13,0,0,0,10,8,10,0,0,0,9,5,12,9,12,0,9,11,10,13,6,10,5,6,8,0,7,9,0,0,12,0,0,0,0,0,7,6,2,0,10,0,12,0,0,0,10,11,8,9,0,6,9,0,10,10,0,6,11,3,0,0,0,12,0,8,7,10,7,6,0,0,4,14,8,2,10,0,7,8,0,0,0,8,0,0,9,8,7,2,5,7,14,0,7,10,6,11,13,6,11,1,0,0,9,5,0,7,0,0,0,10,9,0,7,6,11,0,0,0,7,0,5,0,8,0,0
S154,0,0,10,7,6,7,0,0,0,0,0,0,0,6,5,7,0,8,9,0,8,0,0,0,11,3,5,3,0,0,0,14,0,9,10,4,0,0,10,0,0,12,0,0,0,0,10,0,9,9,4,1,10,5,9,6,0,0,8,0,0,0,0,0,0,0,0,4,8,0,7,8,0,0,0,0,4,11,8,0,7,0,0,9,0,7,7,0,0,11,0,6,0,0,0,7,8,0,0,0,5,0,0,10,0,0,6,0,7,9,9,0,0,0,5,9,0,0,9,7,0,0,0,3,12,0,11,0,0,0,0,8,14,0,9,0,0
S155,0,0,0,10,4,5,4,10,2,0,0,0,5,0,11,0,6,0,10,0,13,0,8,1,0,0,4,6,0,0,0,9,0,4,0,0,2,9,8,0,0,15,0,0,0,0,0,0,0,12,0,0,5,0,0,9,3,0,3,4,0,6,0,0,0,0,6,9,5,1,0,0,0,0,0,0,0,8,0,0,7,0,0,2,0,0,8,12,0,10,0,0,0,0,0,0,0,0,0,0,5,8,5,7,0,0,8,10,4,4,0,0,0,0,11,15,0,8,0,6,0,0,9,0,0,8,10,0,0,0,0,16,11,0,0,11,0
S156,0,3,11,0,6,6,0,8,0,0,0,0,6,11,5,7,0,13,0,0,0,0,0,0,9,0,0,8,0,4,5,0,0,0,6,0,0,0,0,0,0,0,6,0,0,0,4,0,0,12,0,0,8,0,6,0,0,0,0,0,3,0,0,0,0,0,0,8,7,0,0,0,7,0,0,0,0,0,0,0,0,0,0,0,0,0,0,9,0,0,0,0,0,0,0,5,10,0,0,0,0,0,0,0,14,0,12,3,12,0,6,0,3,0,0,0,0,0,0,4,9,10,0,0,8,0,10,0,0,0,6,7,11,9,0,0,0
S157,0,0,4,0,0,0,0,0,0,0,0,0,0,1,0,0,0,0,8,0,0,0,0,0,10,2,0,0,0,0,0,0,0,4,0,0,0,1,1,0,0,0,0,0,0,0,2,0,0,0,0,0,0,0,8,2,0,0,0,0,0,0,3,0,0,0,0,0,0,0,0,0,7,0,0,1,0,0,0,0,4,0,0,0,0,0,2,0,1,0,0,6,0,0,0,0,0,0,0,1,0,0,0,0,6,0,12,0,7,5,0,0,0,0,0,5,0,0,0,4,4,0,0,0,0,0,0,2,0,0,3,0,7,0,0,5,0
S158,0,0,0,0,0,0,0,2,0,0,0,0,1,0,0,0,0,0,0,1,0,0,0,0,0,0,4,0,0,0,1,0,0,5,5,0,0,0,3,0,1,0,0,0,0,0,0,0,0,0,6,0,0,0,5,0,0,0,0,0,0,0,0,0,0,0,0,0,6,0,0,6,6,0,0,0,0,0,0,0,0,0,0,0,0,0,0,11,0,0,0,0,0,0,0,0,0,0,0,1,4,0,0,5,0,2,6,0,0,0,0,0,0,7,0,7,0,0,0,0,0,0,0,3,0,1,0,0,0,0,0,0,0,6,7,9,0
S159,0,13,0,0,3,5,0,8,6,5,0,0,0,7,0,10,0,13,9,0,5,0,3,3,5,2,6,0,2,0,6,5,0,5,0,0,2,0,14,0,0,0,0,0,0,4,0,0,5,0,7,0,3,0,9,0,8,5,0,0,6,0,0,0,0,0,0,6,0,0,6,10,0,0,0,0,0,0,0,0,0,4,0,0,0,0,0,5,0,9,0,7,3,0,6,10,6,0,0,0,2,0,0,0,10,0,10,0,9,5,7,0,7,15,0,8,0,6,0,10,12,6,0,0,10,0,7,0,0,0,15,0,0,12,0,11,0
S160,0,7,11,11,0,0,0,0,5,0,6,0,8,8,8,8,11,3,0,0,0,4,4,0,7,7,7,0,13,0,0,7,0,9,0,12,5,6,6,0,0,6,0,0,9,0,8,0,0,11,7,0,0,0,8,11,0,8,11,9,0,0,7,3,4,9,0,0,0,0,13,13,8,12,8,7,0,0,6,5,0,0,0,0,6,5,11,12,0,0,8,0,0,0,0,0,8,0,0,9,14,13,8,0,12,0,6,5,6,0,10,0,9,9,5,7,11,12,8,0,0,7,10,0,9,0,0,0,0,0,0,0,5,11,4,0,12
S161,0,0,5,0,0,0,0,0,0,0,0,0,0,0,0,5,10,0,8,0,0,2,0,0,0,0,0,0,0,0,0,9,0,4,7,0,0,0,0,0,0,0,0,0,4,0,0,0,0,6,0,0,0,0,0,0,0,0,0,0,0,0,0,0,0,0,0,0,0,0,0,5,0,1,0,0,0,0,0,0,0,0,0,4,1,0,0,0,0,0,0,0,0,0,0,0,0,0,0,0,0,0,0,7,0,0,0,0,0,0,0,0,0,0,0,0,0,0,0,0,0,0,0,0,0,0,3,0,0,0,9,5,0,0,0,5,0
S162,0,5,8,0,0,8,0,0,0,0,7,0,0,18,7,0,0,0,8,0,8,4,0,8,0,5,9,12,0,0,8,5,9,11,9,11,0,0,0,0,0,0,0,5,0,0,0,0,8,0,7,0,0,0,0,0,7,8,8,10,0,7,6,0,0,0,0,0,16,0,6,0,11,7,0,9,8,0,4,0,9,0,6,5,0,1,10,0,6,10,0,0,2,5,0,0,0,10,0,7,0,6,6,8,0,6,0,15,10,9,0,0,10,0,10,8,0,0,0,13,0,6,0,0,12,6,0,6,0,0,8,7,0,5,11,10,0
S163,0,0,15,5,2,10,0,6,0,8,0,0,0,9,0,0,7,5,0,0,0,0,0,0,0,0,0,4,0,4,0,7,8,11,0,0,0,12,4,0,0,11,6,0,1,0,4,0,8,10,0,0,6,0,13,0,4,5,0,6,0,0,0,0,0,0,0,0,3,0,1,10,7,0,0,0,0,5,5,1,9,5,0,6,0,0,0,0,0,0,0,0,0,1,0,8,0,0,0,0,0,6,0,8,0,2,0,0,9,0,0,0,2,4,6,4,6,10,0,9,7,7,0,0,0,0,5,0,0,0,11,0,12,0,0,0,0
S164,0,0,0,0,6,7,0,0,0,0,3,0,0,6,0,0,0,8,0,0,0,0,6,0,0,0,4,0,0,5,0,0,0,7,0,5,0,0,0,0,0,6,0,0,0,2,4,0,6,0,0,0,0,0,6,0,0,0,0,3,0,0,0,1,0,0,0,0,0,0,0,0,5,0,0,0,0,12,0,0,5,3,0,0,0,0,7,0,0,7,0,0,0,0,4,9,0,0,0,4,3,7,0,7,0,0,11,0,16,0,3,0,0,0,7,2,9,0,0,7,12,0,0,0,0,0,5,0,0,0,3,0,9,0,0,7,0
S165,0,0,9,5,0,5,0,0,0,0,0,0,0,4,0,0,10,12,11,3,2,0,2,0,0,0,7,9,2,0,2,6,0,12,0,8,0,6,8,0,0,0,3,0,2,0,8,3,0,8,0,0,0,0,7,0,0,3,0,0,0,2,0,0,0,0,0,0,8,0,0,10,0,0,0,2,0,4,0,0,0,6,0,8,0,0,0,7,3,9,0,0,0,0,5,0,9,0,0,4,8,0,0,15,9,0,14,0,0,0,14,0,0,7,4,8,0,4,7,0,0,0,0,0,5,0,9,1,0,0,9,9,6,0,0,6,0
S166,0,7,10,0,8,11,0,10,9,0,1,0,0,10,4,8,0,6,9,0,0,3,13,7,8,4,8,0,0,0,13,11,7,7,6,8,11,0,0,0,0,9,0,2,0,0,0,0,0,5,8,0,5,0,9,6,3,0,7,4,7,0,3,0,0,6,0,12,8,0,10,13,8,2,0,0,0,0,1,3,10,9,1,0,0,0,7,5,0,7,0,8,0,0,8,0,7,0,0,9,0,0,1,0,10,0,7,10,10,11,10,0,0,0,6,12,7,10,11,12,8,10,6,0,0,3,0,0,0,0,10,8,6,0,0,0,0
S167,0,0,0,8,0,0,3,6,4,0,0,0,0,6,0,7,0,11,6,0,1,3,0,3,0,0,11,6,0,10,0,0,8,10,0,0,0,8,7,0,0,7,0,0,0,0,3,0,0,0,0,0,0,0,0,0,0,0,0,8,0,0,0,0,0,0,0,0,0,0,0,11,0,0,0,0,0,0,1,0,10,4,0,0,3,0,0,15,0,8,0,9,0,0,0,0,15,0,0,11,3,0,0,11,10,5,7,3,7,8,0,0,0,10,0,4,0,3,0,7,9,0,0,0,10,0,0,0,0,0,9,0,0,9,0,6,8
S168,0,12,9,11,10,12,0,9,10,0,0,9,0,6,0,0,8,0,13,0,0,0,0,0,9,0,7,7,5,6,6,0,0,7,7,7,3,5,11,0,4,0,0,0,0,0,9,0,7,0,10,0,16,0,13,7,4,3,11,0,0,9,4,0,0,6,11,0,8,3,8,0,14,5,7,0,0,0,0,0,0,0,4,8,0,0,0,11,5,0,0,10,0,0,5,9,0,7,9,9,8,4,2,0,0,9,8,9,7,0,0,1,0,14,5,11,15,9,0,0,0,10,7,0,7,8,7,0,0,0,7,0,10,0,0,0,0
S169,0,8,0,0,0,0,0,0,0,0,3,0,0,2,2,5,4,10,9,0,0,0,2,0,6,0,0,0,5,0,0,0,0,9,10,0,0,0,0,0,0,0,0,0,0,1,7,0,0,6,0,0,6,0,0,0,7,0,0,4,4,0,3,0,0,0,1,7,7,0,0,0,9,0,0,3,2,7,0,0,0,0,0,6,0,0,0,13,0,0,0,0,0,0,0,13,9,0,0,0,1,0,0,10,6,0,0,0,5,0,0,0,0,5,0,7,10,10,0,4,6,11,0,0,0,0,0,0,0,0,0,0,7,0,0,6,5
S170,0,0,0,0,0,0,0,0,0,0,0,0,0,0,0,3,0,2,0,0,0,0,0,0,5,0,0,0,0,0,0,0,0,0,0,0,0,0,0,0,0,0,0,0,0,0,0,0,0,0,5,0,0,0,0,0,0,0,1,0,1,0,0,1,0,0,0,0,0,0,4,0,2,0,0,0,0,0,0,0,0,0,0,0,0,0,0,0,0,0,0,0,0,0,0,0,14,0,0,0,0,0,0,0,4,0,0,0,0,0,0,0,0,0,0,0,0,6,0,0,0,0,0,0,0,0,3,0,4,0,8,0,4,0,0,0,0
S171,0,0,5,5,0,8,0,0,0,8,0,0,0,8,0,8,0,11,8,0,0,0,0,0,0,0,0,5,5,0,0,4,0,0,4,7,0,0,0,0,0,7,0,0,0,0,6,0,0,0,10,0,6,0,10,0,0,8,5,4,5,0,0,0,0,0,0,7,7,0,5,9,0,3,1,0,0,5,0,0,0,0,0,0,0,9,0,5,0,8,0,0,0,0,2,9,0,0,0,0,6,0,0,0,8,7,9,0,4,0,6,0,0,0,4,0,0,0,0,9,7,10,1,0,8,8,0,3,0,0,0,0,7,1,9,10,0
S172,0,7,0,5,3,0,2,0,2,0,0,0,7,0,5,15,10,0,6,0,4,0,0,0,0,0,0,6,5,2,0,0,5,4,0,5,0,0,8,0,0,0,0,0,0,0,0,0,0,0,10,0,0,0,11,0,7,0,0,2,0,0,0,0,0,0,2,7,7,0,5,12,5,0,0,0,0,7,0,2,0,0,0,0,0,0,7,9,0,10,0,5,0,0,0,0,9,0,0,0,0,0,0,0,8,0,0,0,8,0,0,0,4,11,8,0,0,0,10,9,0,5,0,0,0,0,0,0,0,2,7,0,0,5,1,9,6
S173,0,0,0,0,10,8,0,8,0,6,0,4,0,3,12,0,11,0,7,0,0,0,9,0,0,0,8,7,5,5,8,0,0,0,9,0,5,0,0,0,0,0,6,0,0,0,8,0,5,8,0,1,9,0,15,6,6,6,3,0,0,0,0,0,0,0,0,0,10,0,0,14,0,0,0,0,0,0,0,0,0,6,0,12,0,4,0,0,0,9,0,0,0,0,7,9,0,2,0,7,0,3,0,9,5,0,5,6,0,0,0,0,0,6,7,6,12,9,7,12,7,12,0,0,11,3,9,0,2,4,0,6,7,9,6,0,0
S174,0,0,0,7,8,0,0,7,7,7,1,0,0,12,5,12,5,12,13,3,0,0,0,0,10,0,0,7,5,0,0,0,12,4,0,0,0,0,17,0,0,0,0,0,0,0,7,0,0,7,0,0,0,0,9,7,4,0,0,0,3,4,0,0,0,0,0,0,8,0,0,0,0,0,5,0,7,0,0,0,6,11,0,0,0,0,5,10,0,0,0,5,0,0,7,8,7,0,7,0,6,8,0,3,5,0,0,0,11,6,7,0,13,0,8,0,0,0,5,12,5,0,0,0,0,0,4,0,0,0,11,10,7,0,0,0,5
S175,0,7,9,0,11,13,6,5,7,0,5,7,0,8,0,7,7,0,0,0,0,0,5,0,0,0,0,7,5,0,5,7,0,7,0,0,0,5,12,0,0,0,10,0,0,0,8,0,7,8,0,3,0,0,7,0,3,8,2,4,6,0,0,0,0,0,6,7,0,0,0,4,0,0,0,0,0,6,3,2,0,4,0,0,0,0,0,12,0,3,0,10,0,0,0,0,10,0,0,3,8,0,0,0,10,0,8,7,0,0,5,0,3,0,0,12,14,6,0,0,7,0,0,0,7,0,0,0,0,0,7,0,10,11,0,6,0
S176,0,0,8,9,10,11,0,7,7,10,11,0,9,0,0,0,7,6,0,0,0,0,5,0,5,0,7,10,0,6,0,11,0,0,13,0,6,0,0,0,5,0,7,0,0,0,9,0,7,0,10,0,0,0,0,5,0,4,12,0,0,0,0,0,0,0,7,5,7,0,10,12,6,7,0,0,0,10,3,5,0,7,0,12,4,8,8,0,8,0,0,5,6,0,0,8,9,14,0,0,0,0,9,14,0,10,9,11,6,13,0,0,0,0,0,2,10,0,0,12,0,5,0,0,0,6,0,0,0,0,14,0,7,10,4,0,0
S177,0,0,0,4,0,0,0,8,8,5,4,0,9,3,0,3,9,11,7,0,0,0,7,1,9,0,0,0,0,0,0,7,0,0,5,8,0,0,11,0,0,4,7,0,0,0,0,0,7,10,0,0,10,0,0,5,7,0,6,0,0,0,0,0,2,0,8,0,12,0,3,8,0,0,0,0,9,0,0,0,11,6,0,10,0,5,7,14,0,7,0,0,0,0,0,0,10,0,0,0,0,10,5,0,0,0,8,0,10,0,0,3,0,15,0,10,0,10,0,10,9,5,0,0,6,12,0,0,0,0,9,6,0,7,0,6,0
S178,0,0,0,0,0,4,0,0,0,0,0,0,0,0,1,0,0,0,5,0,0,0,0,0,5,0,0,0,1,0,0,0,5,0,5,0,0,0,5,0,0,0,0,0,0,0,0,0,2,0,0,0,0,0,5,0,0,0,0,0,2,0,0,0,0,4,0,0,0,0,0,0,5,0,0,0,0,0,0,0,2,0,0,0,0,0,0,0,0,7,0,0,0,0,0,0,0,0,0,0,0,0,0,0,0,0,0,0,0,0,0,0,0,0,0,1,0,0,0,5,0,0,0,0,0,1,0,0,0,0,0,0,0,0,0,0,0
S179,0,7,12,0,0,0,0,9,0,8,0,0,5,6,0,0,6,0,0,0,5,0,0,0,14,0,11,4,0,7,6,8,12,0,0,0,2,10,0,0,0,14,8,0,0,0,9,0,4,0,8,0,0,0,0,0,0,4,0,0,0,0,0,0,0,0,0,0,0,1,0,0,9,0,0,0,3,0,0,0,2,5,0,5,0,0,8,13,4,7,0,7,0,0,0,0,8,4,0,0,6,0,0,11,6,0,12,6,8,0,0,0,0,0,0,7,3,0,0,8,7,8,0,0,7,0,0,0,0,0,9,0,0,8,0,0,0
S180,0,6,0,0,0,5,0,0,0,0,0,4,7,0,0,5,7,0,10,0,0,0,10,0,9,4,0,8,8,4,0,11,11,0,16,0,3,8,0,7,0,10,8,7,4,0,0,0,0,8,10,0,6,0,0,0,8,0,0,4,11,0,0,2,0,4,7,8,0,0,8,0,0,6,0,0,0,6,6,3,10,14,0,10,0,7,0,11,7,0,9,9,4,0,5,10,10,13,0,0,0,4,0,9,5,0,5,10,8,7,11,0,9,7,12,0,0,7,0,0,8,0,10,6,9,11,8,0,1,0,11,11,6,10,11,9,11
S181,0,0,0,0,0,0,0,2,0,0,0,0,0,0,0,0,6,0,0,0,0,0,0,0,0,0,0,0,0,0,0,0,7,0,0,0,0,0,0,0,0,8,0,0,0,0,1,0,0,0,3,0,0,0,0,0,0,0,0,0,0,0,0,0,0,0,0,0,0,0,0,3,2,0,0,0,0,0,0,0,4,0,0,0,0,0,2,0,0,2,0,0,0,0,0,0,0,1,0,0,0,0,0,0,7,0,7,0,9,2,0,0,0,0,0,0,0,11,0,4,0,0,0,0,0,0,0,0,0,0,9,0,0,0,0,7,4
S182,0,1,0,0,0,0,2,0,0,3,0,0,0,0,8,7,10,9,5,0,0,0,0,1,0,0,0,6,0,0,2,10,11,12,8,0,0,8,8,0,0,10,0,0,0,0,7,1,2,7,6,0,0,0,0,2,0,0,0,0,2,2,0,0,0,0,0,0,0,0,0,0,16,3,0,0,0,0,0,0,9,0,0,0,0,0,0,9,0,6,0,7,0,0,5,0,0,0,0,0,0,6,0,8,0,0,12,0,13,0,0,0,0,6,1,0,0,0,0,7,13,10,0,0,0,7,7,0,0,0,6,0,14,13,0,6,0
S183,0,0,0,0,0,0,0,0,0,0,0,0,1,0,0,0,0,0,0,0,0,0,0,0,0,0,0,0,0,0,0,0,0,0,1,0,0,0,0,0,0,0,0,0,2,0,0,0,0,0,0,0,0,0,0,2,0,0,0,0,0,0,0,0,0,0,0,0,0,0,0,0,2,0,0,1,0,0,0,0,0,0,0,0,0,0,0,0,0,0,0,0,0,0,0,0,0,0,0,0,0,0,0,0,0,0,7,0,0,0,0,0,0,6,0,0,0,4,0,0,0,4,0,0,0,1,0,0,0,0,0,0,0,0,2,0,0
S184,0,6,7,7,7,9,0,8,6,0,0,0,0,7,0,0,7,10,9,0,12,2,0,5,7,6,0,7,14,10,6,0,10,12,0,7,6,7,10,0,0,0,7,0,0,5,11,0,5,8,11,0,13,0,0,4,0,10,15,9,6,0,0,0,6,7,0,6,13,0,0,0,0,8,7,0,0,10,0,0,9,0,0,13,5,0,5,7,0,0,4,0,0,0,0,10,0,6,0,0,11,12,0,8,9,8,6,4,6,15,8,0,6,3,10,0,15,9,3,6,7,8,0,0,5,9,10,0,0,0,0,9,10,0,0,5,0
S185,0,7,0,6,7,8,4,15,0,13,10,10,0,6,0,10,10,0,8,0,6,0,13,0,9,0,0,8,0,8,14,0,0,8,0,0,0,9,0,0,0,15,0,0,0,1,4,0,0,15,11,0,0,0,11,0,10,4,0,13,7,0,3,0,0,8,7,6,6,0,0,11,0,0,0,0,12,0,0,0,0,9,0,0,0,13,4,12,0,9,0,10,0,0,0,6,4,3,0,0,9,7,0,4,0,0,4,0,10,0,13,0,6,6,0,3,11,11,9,0,7,3,9,6,7,0,9,4,0,0,0,7,8,0,0,10,7
S186,0,0,0,0,0,0,0,0,0,0,0,0,0,0,0,0,0,0,0,0,0,0,0,0,0,0,0,0,0,0,0,0,0,0,0,0,0,0,0,0,0,0,0,0,0,0,0,0,0,0,0,0,0,0,0,0,0,0,0,0,0,0,0,0,0,0,0,0,0,0,0,0,0,0,0,0,0,0,0,0,0,0,0,0,0,0,0,4,0,0,0,0,0,0,0,0,0,0,0,0,0,0,0,0,0,0,0,0,0,0,0,0,0,0,0,0,0,0,0,0,0,0,0,0,0,0,0,0,0,0,0,0,0,0,0,0,0
S187,0,5,7,0,0,5,4,5,10,11,0,0,0,0,7,6,0,0,0,5,0,0,9,0,8,7,0,0,8,0,9,0,7,0,10,9,0,5,0,0,0,0,0,0,0,0,0,0,0,0,0,0,0,0,8,11,10,6,4,0,13,0,6,0,9,0,8,11,8,0,8,0,7,0,0,0,21,0,0,0,10,7,0,0,0,11,9,0,0,8,4,7,0,4,4,5,11,3,3,8,0,0,6,12,0,0,6,0,0,11,10,0,10,8,9,10,5,10,5,9,5,0,0,7,10,0,7,0,0,0,7,10,0,10,8,12,4
S188,0,6,0,0,2,5,0,0,6,0,0,0,0,0,0,0,0,8,13,0,1,0,0,4,14,0,7,0,0,0,5,0,0,0,10,0,0,6,0,0,0,7,0,0,0,0,5,0,0,0,7,0,0,0,12,0,2,0,0,7,5,0,0,0,0,0,0,0,7,0,0,14,5,0,0,0,6,3,0,0,0,0,0,0,0,0,0,0,0,7,0,0,0,0,0,10,14,0,0,10,0,0,0,7,8,0,0,0,7,8,0,0,0,5,6,13,0,0,0,0,0,0,0,0,0,0,0,0,0,0,7,0,0,0,11,0,0
S189,0,5,6,5,7,9,6,6,5,0,0,0,8,10,4,9,11,11,10,4,0,0,0,0,0,0,10,0,0,8,11,8,0,8,10,10,4,8,7,4,0,9,0,0,5,3,11,0,0,9,0,0,7,0,8,0,3,3,7,11,8,5,3,2,0,0,0,0,0,0,11,11,0,0,0,8,11,10,0,0,0,0,0,0,0,2,6,0,0,0,0,11,0,1,0,0,0,0,0,10,3,3,0,0,0,0,7,4,7,6,7,0,4,10,4,10,0,11,11,13,10,7,4,0,0,0,0,0,0,0,6,0,0,10,7,6,9
S190,4,6,0,12,11,5,0,0,4,6,8,10,5,0,6,11,9,0,11,12,11,0,10,10,10,0,6,10,12,9,0,0,0,0,0,0,14,11,8,0,6,15,0,0,0,0,6,0,10,8,9,0,5,4,0,8,0,0,11,13,0,6,0,0,6,0,10,7,7,0,0,15,8,0,4,5,11,8,0,0,6,0,0,4,5,0,0,8,11,0,0,9,0,5,7,9,0,7,2,9,0,3,6,9,7,0,5,7,0,0,0,5,6,0,0,5,10,0,0,0,5,0,0,5,8,0,0,0,5,0,11,0,9,0,4,11,10
S191,0,4,0,2,0,0,0,0,0,0,2,0,0,7,0,0,0,0,0,0,3,0,1,0,0,0,0,4,0,0,5,0,8,4,0,0,0,0,9,0,0,0,0,0,0,0,0,0,0,5,6,0,0,0,11,5,0,0,1,0,0,0,0,0,0,0,0,0,0,0,0,10,4,0,0,0,0,0,0,0,0,0,0,0,0,0,2,18,0,0,3,0,0,0,0,0,0,0,0,1,0,0,0,0,7,0,0,0,0,0,6,0,0,0,0,0,0,6,0,0,9,6,0,0,8,0,0,0,0,0,7,0,9,0,0,9,5
S192,0,0,0,0,0,0,0,0,0,0,0,0,2,0,0,0,0,0,7,0,0,0,0,0,0,0,0,0,0,0,0,0,0,0,4,0,0,0,0,0,0,3,0,0,0,0,0,0,0,0,0,0,0,0,0,0,0,0,0,0,0,0,0,0,0,0,0,2,0,0,0,0,6,0,0,0,0,0,0,0,0,0,0,0,0,0,0,0,0,0,0,0,3,0,3,0,0,0,0,0,0,0,0,3,13,0,5,0,7,0,0,0,0,9,0,0,0,13,0,5,0,7,0,0,7,0,0,0,0,0,0,0,0,0,0,0,0
S193,0,0,0,0,0,0,0,9,0,0,0,0,0,7,0,0,8,3,0,0,0,0,0,0,4,1,0,0,3,0,0,3,0,0,0,0,0,0,0,0,0,0,0,0,0,0,0,0,0,0,6,0,0,0,0,0,0,0,0,0,0,0,0,0,0,0,0,0,0,0,0,8,12,0,0,0,8,0,0,0,0,0,0,0,0,0,1,0,0,6,0,0,0,0,0,0,0,0,0,2,0,0,0,0,5,0,7,0,7,4,0,0,0,6,0,0,0,7,1,0,0,2,0,0,0,0,0,0,0,0,0,4,0,0,6,12,0
S194,0,0,0,6,8,10,4,0,0,0,0,11,0,6,6,10,0,14,0,0,0,0,6,0,0,0,6,0,0,0,9,7,0,0,0,0,0,0,0,0,0,6,8,0,0,0,10,0,4,0,8,0,5,0,8,0,5,0,8,6,6,3,0,0,0,0,0,9,8,0,5,17,0,0,0,0,7,0,0,0,7,0,0,0,0,0,0,0,0,4,0,12,0,0,8,0,0,0,0,0,4,0,0,10,5,8,8,0,11,0,8,0,0,8,12,0,0,7,13,9,0,5,11,3,7,2,0,0,0,0,8,0,0,3,6,0,0
S195,0,9,1,6,0,12,4,0,5,2,0,0,8,14,0,2,0,6,16,12,13,0,9,0,0,5,12,8,0,10,10,0,5,4,0,10,4,0,0,0,9,0,6,1,10,0,0,10,7,13,5,7,5,0,0,0,0,0,6,7,6,0,7,7,10,11,0,9,14,0,0,10,7,7,8,0,0,18,13,0,0,0,0,5,6,10,0,9,9,3,0,0,6,7,0,6,6,0,10,8,14,7,0,6,6,0,10,0,9,0,0,0,0,6,0,7,8,4,4,0,11,0,7,6,8,5,11,4,0,0,8,8,9,0,0,8,10
S196,0,16,4,0,3,4,0,10,14,4,6,0,11,5,9,7,12,9,0,0,3,0,11,0,9,4,14,10,0,9,10,9,10,13,15,7,6,8,0,0,0,10,7,0,0,0,0,0,11,8,8,0,7,0,0,10,0,9,9,7,0,0,0,0,0,4,0,14,0,0,3,0,0,8,0,0,0,9,0,0,4,9,0,0,5,0,5,0,0,8,4,8,0,0,9,11,0,6,4,0,0,5,0,0,10,0,5,10,11,6,6,0,6,6,11,6,8,0,0,0,9,9,13,5,10,0,0,0,0,0,9,11,7,8,0,5,12
S197,0,0,0,0,0,3,0,0,2,8,0,4,0,3,0,8,13,0,11,0,6,0,0,0,8,0,0,0,0,3,0,6,2,0,0,0,0,0,0,0,0,0,3,0,0,0,9,0,9,0,6,0,0,0,0,5,0,0,0,0,0,0,3,0,0,0,3,7,0,0,0,8,0,0,0,0,0,2,0,0,5,8,0,7,0,3,0,0,0,0,0,0,0,0,0,0,0,0,0,4,0,0,0,10,0,0,7,0,8,0,0,0,0,0,0,0,0,9,5,7,5,0,0,0,7,0,5,0,0,0,5,0,13,4,0,0,1
S198,8,0,0,13,12,10,7,0,6,10,8,5,8,0,11,13,0,0,0,7,9,0,0,0,7,7,0,11,0,0,10,9,8,8,9,12,13,8,11,10,0,9,0,8,10,0,7,10,0,11,12,10,0,0,0,4,0,0,8,0,7,0,7,0,7,0,11,0,0,8,7,13,8,0,5,0,8,9,0,0,0,0,1,7,7,11,9,10,3,7,10,0,6,11,11,5,7,0,0,13,9,13,10,0,1,10,0,9,11,11,6,8,0,8,0,0,0,11,8,11,8,10,13,0,17,5,0,10,3,0,8,6,0,0,0,9,8
S199,0,0,0,0,0,0,0,0,0,3,0,1,0,0,1,7,10,4,4,0,0,0,0,0,8,0,0,0,0,0,6,0,7,4,6,5,0,5,3,0,0,0,0,0,0,0,0,0,0,8,11,0,0,0,0,0,0,0,0,0,0,0,0,0,0,0,0,0,0,0,3,9,6,0,2,0,0,1,0,0,7,0,0,0,0,0,0,10,0,6,0,0,0,0,0,0,8,0,0,0,3,0,0,0,7,0,4,0,6,5,0,0,0,0,6,0,7,0,5,0,10,13,0,0,12,0,0,0,0,0,0,0,0,0,0,0,0
S200,0,9,0,0,0,15,0,9,0,0,0,0,5,8,6,7,12,0,5,0,0,0,3,0,11,0,0,0,0,6,0,0,0,8,7,0,4,8,0,3,5,10,13,0,0,0,0,1,0,7,8,0,10,0,5,5,0,10,3,0,7,0,0,0,0,6,4,0,0,0,0,5,0,0,6,0,0,0,0,0,0,9,0,4,0,0,6,0,0,15,0,0,0,3,6,8,2,0,0,9,0,0,5,8,9,0,0,5,0,11,9,0,0,12,0,0,0,8,5,0,8,6,0,2,0,3,0,0,0,0,0,0,9,7,6,7,0
S201,0,0,10,6,0,0,0,0,0,5,4,0,0,9,9,11,0,7,17,0,0,0,0,0,0,0,0,5,0,0,3,0,0,5,7,8,0,0,7,0,0,8,5,0,3,0,0,0,6,5,0,0,0,0,0,8,0,0,0,3,6,0,0,0,0,0,0,0,0,0,0,0,14,7,0,0,11,0,3,0,4,7,0,9,0,0,0,11,0,0,0,12,2,0,0,12,0,0,0,3,4,0,3,0,0,0,13,0,0,0,4,0,0,0,0,0,0,10,7,0,12,11,0,1,0,0,9,0,0,0,4,6,0,0,7,7,0
S202,0,9,4,0,10,0,0,11,0,0,0,6,0,13,0,11,0,0,17,0,0,0,0,0,8,0,0,9,6,0,8,0,8,0,0,0,0,0,9,0,4,0,0,0,4,0,7,0,7,10,9,0,6,0,4,0,0,0,0,0,0,0,3,0,0,0,7,9,8,0,0,9,6,15,0,5,0,0,0,0,0,0,0,0,0,6,0,5,0,7,0,0,0,0,8,6,7,0,0,4,4,0,0,10,11,6,10,0,0,0,6,1,3,0,0,0,11,14,10,6,10,0,0,0,10,0,6,0,0,0,7,0,0,13,4,8,0
S203,0,3,7,0,0,0,0,0,0,0,0,0,0,0,0,4,6,0,4,0,0,0,0,0,0,0,0,0,0,0,1,0,0,2,0,0,0,4,0,0,0,0,0,0,0,0,0,0,1,0,2,0,0,0,4,0,0,0,3,0,0,0,0,0,0,0,0,0,0,0,0,0,0,0,0,0,0,0,0,0,0,0,0,0,0,0,0,0,0,4,0,0,0,0,0,0,0,0,0,1,0,0,0,0,3,0,0,0,2,0,0,0,0,6,0,0,0,11,0,0,0,0,0,0,0,0,0,0,0,0,0,0,0,0,0,6,0
S204,0,0,0,0,0,0,0,0,0,0,0,0,0,0,0,0,0,0,0,0,0,0,0,1,0,0,0,0,0,0,0,0,0,0,0,0,0,0,0,1,0,0,0,0,0,0,0,0,0,0,0,0,0,0,0,0,0,0,0,0,0,0,0,0,0,0,0,0,0,0,0,0,0,0,0,0,0,0,0,0,0,0,0,0,0,0,0,0,0,0,0,0,0,0,0,0,0,0,0,0,0,0,0,0,0,0,0,0,0,0,0,0,0,0,0,0,0,0,0,0,0,0,0,0,0,0,0,0,0,0,0,0,0,0,0,0,0
S205,0,0,8,0,0,6,0,5,3,6,0,0,0,6,5,5,0,0,0,0,0,0,0,0,7,0,6,5,3,6,6,0,6,7,0,5,0,0,0,0,3,6,8,0,0,3,5,0,2,0,10,0,0,0,12,0,0,3,0,6,4,0,0,0,0,6,0,0,6,0,5,10,0,4,0,0,4,7,0,0,7,0,0,0,0,0,6,7,0,0,0,16,0,0,6,0,0,0,0,0,0,0,0,11,7,11,7,0,6,5,7,1,0,0,6,10,5,2,0,6,0,3,0,0,6,0,11,0,0,0,7,0,6,8,7,6,0
S206,0,8,15,0,6,0,0,0,5,4,0,0,0,3,0,0,0,3,7,0,0,0,0,0,0,0,0,0,0,2,6,7,0,0,0,0,6,1,12,0,0,0,0,0,0,0,0,0,0,6,3,0,2,0,0,0,2,0,0,0,6,0,0,0,0,0,0,0,0,0,3,0,0,0,0,0,0,0,0,0,5,7,0,0,0,0,0,0,0,7,3,6,0,0,0,6,6,1,0,8,0,5,0,0,0,0,9,4,0,8,0,0,0,14,0,7,3,9,5,0,4,8,0,0,0,0,5,0,0,0,6,7,0,0,9,8,0
S207,0,3,0,6,0,6,0,2,0,0,0,0,3,0,0,11,8,0,10,0,0,0,0,0,0,0,6,3,0,1,4,7,7,8,11,0,0,0,8,0,0,0,4,0,0,0,0,0,0,0,0,0,0,0,13,0,0,0,0,5,0,0,0,0,0,0,0,0,0,0,0,10,7,0,0,1,3,11,0,0,4,0,0,0,4,0,0,0,0,8,0,0,0,0,4,0,6,0,0,5,0,0,0,0,7,4,0,0,0,8,9,0,2,4,0,0,0,7,0,0,0,10,0,0,6,0,0,0,0,0,11,8,0,0,0,6,4
S208,0,12,4,8,6,16,0,0,0,0,0,7,9,0,4,0,0,7,0,5,7,0,0,0,10,0,0,6,0,3,11,6,9,8,0,0,0,6,14,0,0,0,0,0,0,8,12,0,3,6,11,0,0,0,0,8,5,6,8,0,3,0,0,0,0,0,0,8,12,0,7,10,0,0,0,4,0,8,0,0,0,6,0,0,0,6,0,0,0,0,0,7,0,0,0,0,8,0,0,10,6,0,0,4,10,0,9,4,8,4,11,0,6,0,11,0,12,11,0,11,0,6,4,0,0,0,8,0,0,0,7,6,0,0,0,19,7
S209,0,0,11,0,7,7,0,9,0,4,1,0,0,4,0,5,7,0,0,2,0,1,0,0,7,0,0,7,0,0,0,0,0,0,6,0,0,0,11,0,0,0,0,0,0,1,8,0,4,5,0,0,0,0,3,0,0,0,0,0,0,0,0,0,0,0,0,0,0,0,0,0,6,0,0,0,8,6,0,3,2,0,0,0,0,0,6,7,0,5,0,9,0,0,0,0,14,0,0,0,0,1,0,10,0,0,0,3,9,8,0,0,0,9,0,2,0,9,0,0,5,0,5,0,0,0,10,0,0,0,10,0,9,0,5,0,0
S210,0,0,10,0,6,0,0,0,0,0,0,0,0,6,2,0,6,0,0,2,0,0,0,0,9,0,7,0,0,0,0,0,5,9,6,0,0,6,0,0,0,12,0,0,0,0,7,0,0,5,9,0,0,0,6,4,0,0,0,0,0,0,0,0,0,0,0,0,7,0,0,3,0,0,0,0,6,6,0,0,0,4,0,5,0,0,3,0,0,0,1,4,0,0,0,0,0,0,0,0,0,3,0,5,6,0,10,0,0,0,0,0,0,8,0,10,0,10,0,0,0,8,1,0,0,0,0,0,0,0,0,0,6,0,4,0,4
S211,0,19,7,3,7,11,6,11,0,8,6,0,7,8,6,0,8,10,7,0,9,0,8,6,9,2,15,10,5,11,0,10,9,12,8,5,0,2,10,6,0,0,5,6,3,3,0,0,6,0,7,0,9,0,7,9,8,5,8,6,8,0,0,6,7,0,5,7,13,0,9,0,11,11,13,7,0,7,9,7,11,6,7,8,0,0,0,13,8,8,0,0,0,0,0,12,9,7,0,13,5,7,0,5,0,9,0,10,8,6,8,0,11,5,7,0,8,7,0,0,9,0,12,8,7,6,10,0,10,0,12,0,0,8,0,9,0
S212,0,0,0,0,0,11,0,12,7,10,0,0,0,0,0,16,7,0,0,0,6,0,9,0,8,1,0,10,0,0,0,4,0,6,10,4,0,8,14,0,0,7,5,0,0,7,0,0,0,7,9,0,5,0,0,0,0,0,0,6,0,0,0,0,0,0,6,7,0,0,6,8,0,7,0,0,8,0,0,0,5,0,0,0,0,7,9,9,0,5,0,6,4,0,0,11,0,6,3,7,4,0,0,9,4,9,8,0,0,10,5,0,0,0,5,7,0,6,6,0,8,9,3,0,0,3,10,1,0,0,9,0,0,0,4,0,6
S213,0,0,8,7,0,10,0,9,4,0,0,2,0,0,12,9,8,0,9,0,0,0,0,0,0,0,0,0,0,0,0,0,4,6,0,10,0,0,0,0,0,0,0,0,0,0,0,0,0,4,11,0,0,0,0,5,0,0,5,0,7,0,0,0,2,3,0,5,0,0,0,6,8,0,0,0,8,0,0,0,0,8,0,7,0,7,0,7,0,10,0,11,0,0,0,0,8,1,0,8,8,0,0,0,8,5,10,9,0,0,8,0,0,13,12,0,8,0,7,0,9,11,0,0,0,3,0,0,3,0,0,6,0,5,0,14,4
S214,0,0,6,12,8,6,6,0,0,5,3,6,11,12,0,0,0,0,9,10,0,0,9,0,0,0,6,6,12,0,3,10,4,0,9,0,6,10,4,0,0,10,9,0,4,0,0,4,0,10,9,0,0,2,11,0,5,4,5,0,10,0,0,0,0,2,5,8,0,0,0,0,9,7,0,0,0,6,3,0,0,8,0,0,0,6,0,0,0,8,0,9,0,0,0,2,10,8,0,10,11,6,0,3,9,0,10,6,0,5,8,0,8,0,8,0,0,3,0,10,9,8,5,0,0,0,11,1,0,2,8,0,7,14,8,15,8
S215,5,13,5,0,7,7,0,10,11,11,0,8,12,9,11,0,0,6,9,0,8,4,11,7,0,0,0,5,8,8,0,10,6,12,11,0,11,12,8,5,4,9,7,0,8,11,0,4,6,12,7,0,8,0,9,0,0,11,8,0,8,0,12,0,0,10,11,0,5,5,0,16,0,10,0,0,9,0,0,0,0,5,6,0,0,0,0,5,5,8,9,10,0,11,11,0,7,4,5,0,12,8,0,7,9,0,8,0,14,6,0,0,0,0,3,1,10,0,6,0,6,0,0,4,0,0,8,0,0,0,10,9,0,0,9,8,8
S216,12,7,12,7,0,0,11,0,7,6,0,8,0,0,13,6,0,0,6,0,11,0,0,0,6,9,0,7,0,0,12,9,12,8,9,0,0,7,0,0,10,8,0,8,12,9,0,0,4,6,0,0,10,2,8,0,14,0,0,9,10,4,9,4,11,7,0,9,7,0,6,15,0,0,9,0,8,0,8,7,7,5,0,11,0,0,13,8,0,11,7,12,11,6,10,12,8,0,0,0,8,9,0,8,6,11,10,7,12,0,0,0,4,0,0,6,8,15,7,8,10,9,0,4,0,9,7,5,0,2,9,0,7,7,0,6,12
S217,0,9,9,7,0,0,0,10,0,5,0,5,0,8,2,8,15,13,10,4,8,0,12,0,0,0,11,0,0,10,10,8,7,0,7,4,0,6,3,0,0,13,0,0,0,7,10,0,11,0,0,0,10,0,10,0,0,11,2,0,7,6,0,0,0,0,7,0,0,0,10,8,5,0,6,0,6,0,6,6,0,10,0,6,6,0,7,13,10,10,5,0,4,0,0,7,0,0,0,10,13,0,0,0,0,10,11,0,9,12,14,0,0,7,10,0,0,11,10,0,7,4,6,0,7,8,8,5,0,0,9,0,12,0,7,14,10
S218,0,5,0,0,0,0,0,0,0,7,0,0,0,0,7,6,7,0,9,0,0,0,2,0,0,0,8,5,0,5,5,0,0,0,0,0,0,0,0,0,0,0,0,0,2,0,0,0,0,5,11,0,7,0,8,0,0,8,0,0,0,0,0,0,0,5,0,0,5,4,0,12,11,6,0,0,0,10,0,0,0,0,0,0,0,0,0,0,0,7,0,5,0,0,0,7,0,0,0,0,3,0,2,0,6,0,9,0,7,8,9,0,0,9,4,4,0,0,0,9,0,0,0,6,0,0,0,0,0,0,12,0,0,5,6,6,2
S219,0,10,7,0,0,14,0,14,8,0,0,0,2,0,6,6,0,0,0,0,0,2,6,5,12,0,5,5,0,0,0,6,5,0,0,0,3,11,0,2,0,16,9,0,0,0,5,0,6,0,0,0,0,0,7,6,0,6,4,3,11,0,0,0,0,0,0,0,4,0,10,0,0,3,0,0,0,0,0,0,9,7,0,0,0,6,13,9,5,0,0,5,0,0,10,9,0,0,3,0,5,5,8,0,12,0,0,0,8,4,10,0,0,12,7,9,8,0,0,0,6,13,0,0,4,6,7,0,0,0,6,0,8,0,0,9,6
S220,0,0,12,0,0,14,0,7,0,0,0,0,4,5,0,4,6,10,9,0,7,0,0,0,6,0,0,0,0,0,11,0,0,0,0,0,0,0,11,0,1,0,9,0,0,2,8,0,0,0,0,0,0,0,0,0,2,0,0,10,6,3,0,0,0,7,0,0,0,0,6,4,0,0,0,0,6,7,0,0,7,14,0,7,0,0,0,5,9,8,0,9,0,0,7,7,10,0,0,0,0,0,0,0,5,10,0,4,0,0,6,0,0,7,0,0,0,12,0,11,0,11,0,0,6,0,0,0,0,0,0,9,8,9,10,0,0
S221,0,0,0,0,1,3,0,6,0,0,0,0,0,0,0,0,7,5,5,0,0,0,0,0,4,0,0,5,0,0,7,0,0,0,7,0,0,0,3,0,0,0,0,0,0,0,0,0,0,6,0,0,0,0,9,0,1,0,0,2,0,0,0,0,0,0,0,0,0,1,0,6,0,0,0,0,0,0,0,0,0,0,0,0,0,0,0,9,2,5,0,0,0,0,0,0,0,0,0,0,0,0,0,0,6,0,0,0,0,0,0,0,0,9,0,0,0,0,0,7,0,8,0,0,0,1,0,0,0,0,4,4,0,0,6,0,0
S222,0,0,0,0,9,6,6,0,7,0,0,9,0,5,7,0,7,7,0,0,6,0,0,5,6,3,0,6,5,0,7,0,9,9,8,12,6,5,0,0,0,9,0,0,0,0,0,0,4,0,9,0,0,0,10,0,0,8,0,9,0,0,0,2,3,4,0,0,14,0,5,0,8,10,4,0,0,8,0,0,0,0,0,5,4,10,0,12,0,13,3,0,0,2,7,10,0,0,0,0,3,4,11,0,9,0,11,0,0,12,7,0,0,0,0,0,3,0,7,11,10,8,0,0,0,0,6,0,0,0,7,12,0,11,0,0,4
S223,1,0,0,0,5,12,0,12,0,10,0,4,8,7,0,0,0,0,9,4,8,3,4,8,5,0,0,5,9,6,0,0,0,3,9,0,6,4,14,0,0,0,10,0,0,0,0,0,0,9,8,0,0,0,0,8,7,0,0,0,0,0,0,0,0,9,7,0,13,0,5,11,4,0,0,3,4,12,0,0,0,0,0,7,0,0,10,15,0,8,0,0,0,0,0,0,7,0,0,8,0,0,7,12,0,10,0,6,0,7,7,2,0,12,6,0,0,7,0,9,8,0,0,0,0,0,7,0,0,0,11,0,6,0,7,9,0
S224,16,0,9,12,11,9,7,13,0,0,8,0,3,0,9,7,7,12,0,0,0,0,12,8,0,0,7,0,0,11,9,0,0,0,13,8,4,6,12,0,0,3,6,0,4,0,8,0,0,0,0,0,0,0,6,5,9,6,8,5,0,8,10,4,0,9,0,7,6,4,0,0,0,14,5,15,0,0,5,8,0,13,0,6,0,0,8,0,0,0,13,11,4,6,8,12,12,8,6,0,0,8,10,6,10,0,5,4,0,5,7,0,10,9,0,8,9,0,9,0,0,6,8,0,8,0,17,9,0,0,11,0,0,10,0,0,0
S225,0,0,0,0,0,0,0,0,0,0,0,0,0,0,0,0,9,0,0,0,0,2,0,0,0,0,0,0,0,0,0,0,3,2,4,0,0,0,0,0,0,0,0,0,0,0,0,0,0,0,0,0,0,0,7,0,0,0,0,0,0,0,0,0,0,0,0,0,0,0,0,3,0,0,0,0,0,0,0,0,0,0,0,0,0,0,0,0,0,0,0,0,0,0,0,0,0,0,0,0,1,0,0,0,0,0,3,0,0,0,0,0,0,3,0,0,0,0,0,4,6,0,0,0,0,0,0,0,0,0,2,0,1,1,3,0,0
S226,0,0,0,0,0,4,0,0,0,0,0,0,0,0,0,6,0,11,6,0,0,0,0,0,2,0,0,0,0,0,2,0,0,0,11,1,0,0,5,0,0,0,0,0,0,0,0,0,0,0,3,0,1,0,0,0,0,0,0,0,0,0,0,0,0,0,0,0,0,0,4,3,4,0,0,0,1,0,0,0,0,0,0,0,0,0,0,4,0,0,1,0,0,0,0,3,6,0,0,0,0,0,0,0,10,0,4,0,0,0,0,0,0,0,0,0,0,3,0,0,8,6,0,1,0,0,0,0,0,0,0,0,0,0,0,0,0
S227,0,0,6,0,0,0,0,0,0,0,0,0,1,0,0,0,0,3,2,0,0,0,0,0,0,0,0,0,0,0,0,0,8,0,7,3,0,0,0,0,0,0,2,0,0,0,0,0,0,0,3,0,2,0,7,0,0,0,1,0,0,0,0,0,0,0,0,0,1,0,0,3,2,0,0,0,0,0,0,0,0,0,0,0,0,0,0,0,0,0,0,0,0,0,0,0,0,0,0,1,0,0,0,0,6,0,8,0,0,3,0,0,0,0,0,0,0,0,0,11,5,8,0,0,0,1,0,0,0,0,3,0,2,1,2,0,0
S228,0,0,7,0,0,0,0,0,0,0,0,5,3,5,0,0,0,0,7,0,0,0,0,0,0,0,0,0,0,0,0,6,0,0,11,0,0,0,3,0,0,7,0,0,0,0,0,0,0,5,9,0,0,0,0,0,0,0,0,0,0,0,0,0,0,0,0,0,6,0,0,5,0,0,0,0,0,0,0,0,4,1,0,0,0,0,0,0,0,4,0,0,0,0,0,3,0,0,0,0,0,0,0,6,4,0,7,0,13,0,0,0,1,8,0,2,0,11,0,11,0,7,0,0,0,0,0,0,0,0,0,0,0,0,3,6,0
S229,0,7,11,6,7,7,14,10,10,13,16,9,0,6,9,13,0,15,7,4,9,10,0,0,0,0,9,10,7,0,0,11,0,7,0,0,7,0,0,10,0,0,13,0,0,0,8,0,7,7,0,0,3,5,0,8,0,9,12,6,0,0,5,0,0,0,0,0,0,11,9,8,0,13,11,13,0,0,0,11,8,11,13,0,0,12,11,12,0,0,10,6,11,9,12,0,11,8,9,11,14,10,0,0,5,9,12,8,9,7,0,0,0,5,8,0,0,12,13,8,12,10,10,0,0,5,0,13,0,0,0,9,3,8,16,0,13
S230,0,0,10,0,5,6,0,0,0,6,0,7,0,5,0,0,12,5,12,0,6,0,0,0,8,0,0,4,7,9,0,0,0,6,0,0,0,0,0,0,0,8,7,0,0,0,4,0,0,9,7,0,9,0,14,0,3,5,0,0,0,0,0,1,0,0,0,0,8,0,0,0,5,0,0,3,7,0,0,0,0,0,0,3,0,0,0,5,6,6,0,0,0,3,0,10,13,2,0,0,0,4,0,9,9,0,4,6,0,0,0,0,0,0,0,0,0,5,7,5,3,12,5,0,0,4,7,0,0,0,6,5,13,0,9,5,0
S231,0,9,0,5,9,0,3,0,0,13,0,0,6,0,4,0,0,8,9,0,6,0,3,6,6,0,5,10,8,0,8,11,0,0,8,8,7,0,0,0,0,6,9,0,7,8,11,0,8,0,12,0,0,2,12,0,0,7,7,7,8,4,0,0,0,8,5,7,0,3,0,11,4,8,0,0,0,10,0,7,10,0,0,0,0,0,0,7,0,0,3,6,0,0,0,13,7,7,3,0,5,2,7,0,7,0,7,1,5,11,0,0,7,6,0,6,6,0,10,4,5,11,0,0,7,0,0,0,0,0,0,7,0,0,0,0,0
S232,0,0,0,0,0,0,0,0,0,0,0,0,0,0,0,0,0,3,0,0,0,0,0,0,0,0,0,0,1,0,0,0,0,0,0,0,0,0,0,0,0,0,0,0,0,0,0,0,0,0,1,2,0,0,0,0,0,0,0,0,0,0,0,0,0,0,0,0,0,0,0,0,0,0,0,0,0,0,0,0,0,0,0,0,0,3,0,0,0,0,0,3,0,0,0,0,0,0,0,0,0,0,0,0,0,0,4,0,0,3,0,0,0,0,0,0,0,0,0,1,0,0,0,0,0,0,0,0,0,0,0,0,0,0,0,0,0
S233,0,5,10,6,0,5,0,0,0,7,0,0,3,9,9,0,8,8,0,0,8,0,6,0,10,0,10,12,0,0,5,9,0,14,0,0,0,0,0,0,0,0,0,0,0,0,0,0,2,0,0,0,0,0,0,5,2,0,8,0,4,0,0,0,0,5,0,10,0,0,6,10,8,11,0,5,0,0,0,0,9,0,0,0,0,0,5,0,4,7,1,9,0,0,5,4,0,0,0,0,0,5,0,0,0,0,0,0,5,0,6,0,0,0,6,0,0,0,0,13,8,0,0,0,0,9,3,0,0,0,8,0,11,7,0,0,0
S234,11,13,0,7,9,6,14,10,12,5,13,0,6,12,10,12,0,7,0,8,5,0,6,0,10,9,0,0,0,8,11,2,9,0,9,16,0,9,12,9,0,0,0,0,8,13,0,0,0,8,6,0,7,0,0,10,0,0,10,5,11,8,9,7,0,8,0,0,0,0,16,0,8,6,0,5,13,0,0,7,8,9,0,13,10,7,5,7,0,9,5,0,0,0,0,12,10,0,0,0,12,6,13,0,11,0,0,11,14,8,0,0,0,0,0,9,7,7,14,10,0,0,18,7,0,10,0,9,8,3,9,8,5,8,7,6,5
S235,0,0,0,0,0,0,0,0,0,0,0,2,0,0,9,9,7,4,0,0,0,0,0,0,5,0,0,0,0,6,6,7,0,6,11,0,0,0,0,0,0,6,0,0,0,0,0,0,10,6,0,0,0,0,9,0,1,0,0,0,0,0,1,0,0,0,0,5,0,0,4,0,5,6,0,0,8,6,0,0,9,0,0,0,1,0,0,0,0,0,0,9,0,0,0,5,10,0,0,0,0,3,0,0,7,0,9,0,9,7,7,0,0,0,5,0,0,11,6,10,0,6,0,0,3,0,0,0,0,0,0,0,10,0,7,3,0
S236,0,0,0,0,0,0,0,0,4,4,0,0,0,2,1,7,0,3,10,0,0,0,0,0,6,0,0,0,0,0,0,0,7,2,6,0,0,0,0,0,0,6,0,0,0,0,0,0,0,0,9,0,0,0,12,1,0,0,0,0,0,0,0,0,0,0,0,0,0,0,0,5,0,0,0,0,0,0,0,0,1,0,0,0,1,0,0,3,0,0,0,10,0,0,0,6,0,0,0,4,0,0,0,9,7,0,0,0,5,8,6,0,0,4,0,0,0,0,4,7,0,8,0,0,0,0,0,0,0,0,0,0,0,0,0,5,0
S237,0,2,6,0,0,0,0,0,0,0,1,0,0,0,5,0,0,8,0,0,0,0,2,3,10,0,11,0,0,4,2,8,0,0,9,0,0,0,0,0,0,6,6,0,1,0,0,0,10,8,0,0,0,0,0,0,0,5,0,0,0,0,0,0,0,0,1,9,0,0,0,6,4,0,0,0,0,8,0,0,5,0,0,2,0,0,0,0,0,7,0,0,1,0,0,0,8,0,0,0,0,0,5,0,0,4,0,0,0,0,3,0,3,0,0,0,0,8,0,10,9,0,0,0,0,7,0,0,0,0,18,0,5,0,8,4,0
S238,0,0,10,0,12,6,0,0,10,7,12,0,5,5,0,8,11,7,0,11,0,5,3,0,9,6,0,0,7,11,6,9,9,0,4,0,7,3,0,0,0,0,0,0,10,0,0,0,5,0,0,0,0,11,10,0,11,10,0,7,0,8,0,6,6,0,3,0,0,0,0,13,11,13,9,0,11,0,2,7,0,18,0,10,0,0,11,0,0,9,5,11,0,0,9,0,10,16,4,6,7,6,11,3,8,5,0,0,8,7,6,0,0,0,7,0,11,6,5,0,8,13,5,0,0,13,0,11,6,4,12,8,8,0,11,0,0
S239,0,7,7,9,3,6,6,11,3,16,0,9,6,0,6,0,6,9,0,0,9,1,5,0,7,0,0,0,6,11,6,11,0,0,11,0,0,0,0,0,0,0,0,0,0,7,0,0,0,0,0,0,5,1,11,9,5,0,0,10,0,0,0,0,0,0,4,5,14,2,0,0,0,4,0,5,0,0,5,0,8,5,0,5,5,0,6,16,0,0,3,5,2,0,8,8,0,0,0,0,5,12,9,0,8,7,0,11,5,5,11,0,5,5,10,11,6,9,6,6,9,12,5,0,15,0,8,2,1,0,6,12,7,0,9,0,0
S240,0,0,0,0,0,0,1,2,0,0,0,0,0,0,0,0,9,0,0,0,0,0,0,0,5,0,0,0,0,0,0,0,0,0,0,0,0,0,0,0,0,0,0,0,0,0,0,0,0,0,7,0,0,0,8,1,0,0,0,0,0,0,0,0,0,1,0,0,0,0,0,5,0,0,0,0,0,0,0,0,5,0,0,0,0,0,0,0,0,0,0,6,0,0,0,4,8,0,0,0,0,0,0,6,0,0,0,0,0,0,0,0,0,0,0,0,0,7,0,0,10,5,0,0,0,0,0,0,0,0,6,2,0,0,0,0,0
S241,0,7,0,0,5,0,0,0,0,0,0,0,6,0,0,12,5,0,0,0,6,0,0,0,0,0,7,7,0,3,9,0,0,6,7,0,0,0,0,0,0,4,0,0,0,0,0,0,2,0,0,0,0,0,10,6,0,0,0,0,3,3,0,0,0,3,0,0,0,0,0,0,10,0,0,3,2,0,0,0,0,0,0,5,0,0,9,8,0,0,0,0,0,0,2,0,15,0,0,0,0,0,0,0,0,5,1,0,9,10,0,0,5,9,0,0,7,9,0,7,0,11,0,0,5,0,0,0,0,0,9,0,10,6,7,0,0
S242,0,0,0,0,0,0,0,0,7,0,0,0,0,0,0,6,8,9,5,0,0,0,8,6,14,0,7,9,0,0,0,12,5,0,5,9,0,0,0,0,0,0,0,0,0,0,0,0,0,0,6,0,0,0,5,0,0,9,3,0,4,5,0,0,0,5,0,0,0,0,4,7,8,0,0,0,7,9,0,0,9,0,0,5,5,0,0,11,0,13,0,5,0,0,7,0,0,0,0,0,0,9,3,0,4,5,0,7,9,0,12,0,0,0,0,9,5,0,13,9,9,11,3,0,7,9,0,0,2,0,11,4,0,11,6,0,0
S243,0,11,3,0,0,0,5,0,9,7,0,8,0,11,6,0,11,0,5,0,7,0,13,6,7,9,11,4,0,6,0,11,10,0,0,0,0,8,9,6,0,11,3,0,0,5,6,0,3,0,5,0,0,5,11,13,0,0,10,0,0,0,9,0,0,10,11,0,0,9,0,15,0,6,10,0,7,8,5,7,7,5,2,7,0,7,5,6,0,5,9,11,5,0,0,6,0,10,0,9,0,8,0,8,0,0,0,7,10,9,0,6,13,0,0,10,10,0,0,12,0,0,0,10,5,0,6,0,10,9,0,8,6,6,8,0,7
S244,0,0,0,0,0,0,0,4,0,0,0,0,0,0,0,0,0,4,3,0,0,0,0,0,6,0,0,0,0,0,0,0,0,0,6,0,0,0,0,0,0,6,0,0,0,0,0,0,0,0,8,0,0,0,11,0,0,0,0,0,0,1,0,0,0,0,0,0,0,0,0,0,8,0,0,0,0,5,0,0,0,0,0,1,0,0,0,3,0,8,0,0,0,0,0,0,17,0,0,0,0,0,0,0,0,1,7,0,0,10,3,0,0,0,3,0,0,0,0,0,9,0,0,0,6,0,0,0,0,0,10,0,10,0,0,6,2
S245,0,0,3,0,0,1,0,0,0,0,0,0,0,0,0,0,6,4,8,0,0,0,2,0,5,0,0,0,0,0,0,0,0,0,8,0,0,0,0,0,0,0,0,0,0,0,0,0,0,0,0,0,0,0,0,0,0,0,0,0,0,0,0,0,0,0,0,0,0,0,0,0,6,0,3,0,0,0,0,0,0,0,0,0,0,0,0,0,0,0,0,5,0,0,0,0,0,0,0,0,0,0,0,0,0,0,8,0,8,0,0,0,0,0,2,0,0,0,0,7,3,7,0,0,0,0,0,0,0,0,0,0,0,0,3,3,0
S246,0,3,11,0,0,5,0,0,0,4,0,6,1,0,0,3,12,8,0,0,0,0,0,0,0,0,0,0,0,0,5,0,0,6,6,3,0,3,0,0,0,7,0,0,0,0,0,0,0,10,9,0,0,0,8,0,0,0,0,0,0,0,0,0,0,0,0,0,3,0,0,0,6,4,4,0,0,5,0,0,0,4,0,0,0,0,3,0,0,0,0,0,0,0,0,3,6,0,2,0,0,0,0,6,7,0,0,7,0,0,4,0,4,7,0,4,0,0,0,0,0,5,0,0,10,0,0,0,0,0,0,3,0,0,7,0,4
S247,0,0,4,0,4,11,0,0,7,0,0,5,0,0,6,0,0,12,4,5,9,0,0,6,13,4,11,0,0,0,14,0,0,0,14,6,0,8,8,0,1,7,0,0,0,6,9,0,0,11,0,0,6,0,8,6,0,0,0,13,5,0,0,0,0,7,6,10,4,0,9,0,0,13,0,0,0,5,4,0,0,6,0,0,0,3,0,8,0,0,0,3,0,0,8,0,0,4,0,6,9,0,0,0,11,0,7,5,0,0,12,0,11,3,0,0,8,7,0,0,0,10,0,0,0,0,0,0,0,0,14,6,0,6,0,0,8
S248,0,0,4,0,0,15,0,10,13,10,8,13,9,0,11,9,10,7,7,0,0,0,0,0,5,10,0,10,4,0,9,6,5,11,0,7,7,9,8,11,14,9,8,0,9,5,11,0,0,8,8,0,3,8,10,5,8,0,12,4,9,12,8,11,10,5,0,10,6,5,2,12,15,13,0,8,9,0,0,7,9,6,7,7,0,12,7,9,0,0,8,7,9,0,10,4,12,4,12,0,10,4,7,12,2,0,8,0,9,0,0,8,0,0,0,5,0,8,6,5,0,4,0,7,15,13,9,13,10,0,0,11,13,0,14,11,0
S249,0,0,6,5,6,0,1,9,6,10,0,2,7,10,7,10,0,7,0,2,0,0,8,0,10,6,4,0,0,12,7,0,0,0,6,0,9,13,9,0,4,4,14,3,0,3,0,1,4,8,14,0,7,0,0,0,5,0,4,7,14,5,0,0,0,2,0,0,5,0,9,0,8,0,0,0,0,7,4,0,0,0,0,0,0,5,0,0,7,0,2,10,0,6,4,14,6,0,0,7,5,0,4,0,0,0,0,0,0,0,2,1,0,10,8,6,0,7,0,7,9,3,4,0,8,3,12,0,0,0,0,6,0,0,7,0,0
S250,0,0,7,8,0,0,0,0,0,0,0,0,0,0,0,0,11,0,0,0,0,0,4,0,0,0,4,0,0,4,0,8,0,0,8,0,0,0,0,0,0,6,0,0,0,0,0,0,0,0,0,0,7,0,0,0,0,0,0,0,0,0,0,0,0,0,1,0,0,0,0,4,13,0,0,0,0,0,0,0,3,0,0,0,0,0,2,6,0,0,0,7,0,0,0,0,0,0,0,0,0,0,0,0,7,0,0,0,8,12,0,0,0,0,0,0,0,0,0,0,0,12,0,0,0,0,4,0,0,0,0,2,0,6,7,4,0
S251,0,0,0,0,6,0,0,7,8,6,0,2,5,0,0,0,0,0,16,0,2,0,0,0,8,0,2,0,0,0,0,0,0,0,6,0,0,0,0,0,0,0,0,0,0,0,8,0,0,0,10,0,2,0,5,0,0,3,0,0,0,0,0,0,0,7,2,0,8,0,5,7,3,0,0,0,0,0,0,0,8,2,0,4,0,0,6,9,2,10,0,5,0,0,0,0,0,0,0,2,0,4,2,0,7,0,0,0,0,0,3,0,0,0,6,4,7,12,8,8,0,12,0,0,0,0,0,0,0,0,4,0,0,0,6,5,3
S252,0,0,0,0,0,0,0,0,6,8,8,4,0,7,0,7,11,0,7,0,0,0,0,0,7,1,0,0,3,0,4,8,8,0,11,0,0,0,11,4,0,6,6,0,0,0,0,0,0,0,7,0,5,0,15,0,0,2,0,7,0,0,0,0,4,0,5,0,0,0,7,0,0,0,0,1,12,12,0,0,0,10,0,8,0,3,5,10,0,0,0,11,0,0,5,9,11,6,0,0,3,0,0,0,10,4,0,0,4,0,7,0,0,10,0,8,0,7,0,9,0,0,0,0,3,0,0,3,0,0,0,8,4,0,7,0,6
S253,2,0,0,0,6,6,0,0,6,0,0,5,0,6,0,7,0,0,0,0,0,0,0,0,6,0,8,0,0,10,0,10,0,0,9,5,8,0,7,0,0,8,0,0,0,0,0,0,0,0,12,0,0,0,11,0,0,8,0,10,5,0,0,0,0,0,0,0,6,0,0,0,7,0,0,0,0,0,0,0,0,0,0,3,0,0,0,0,3,0,0,0,0,3,0,0,5,6,0,0,10,9,0,6,0,0,7,0,6,15,0,0,0,9,9,3,10,6,3,4,3,9,0,0,8,0,11,0,0,4,8,8,0,0,0,6,3
S254,0,0,6,7,12,6,12,7,5,7,0,8,0,0,12,0,11,4,5,0,0,0,10,7,12,10,13,11,0,11,6,0,7,0,9,10,5,0,6,0,0,9,7,0,0,8,0,3,4,6,14,0,5,0,0,5,7,0,11,0,0,10,9,5,8,4,10,9,0,4,14,9,9,9,0,2,10,0,9,0,12,6,3,8,0,0,7,0,10,10,0,0,0,5,9,7,0,14,0,0,7,9,4,4,0,7,0,0,0,17,12,0,0,13,0,10,0,0,7,15,5,9,0,5,4,0,7,8,0,0,0,0,4,14,5,0,8
S255,0,0,0,2,0,0,0,0,0,0,0,0,0,0,0,0,0,0,0,0,0,0,0,0,0,0,0,0,0,0,1,2,0,0,0,0,0,0,4,0,0,0,0,0,0,0,0,0,0,0,5,0,0,0,0,0,0,0,0,0,0,0,0,0,0,0,0,0,0,0,0,0,0,0,0,0,0,0,0,0,0,0,0,0,0,0,0,0,0,0,0,0,0,0,0,4,0,0,0,0,0,0,1,0,5,0,0,0,0,0,0,0,0,7,0,0,0,0,0,2,0,0,0,0,0,0,0,0,0,0,0,0,0,0,0,4,0
S256,0,0,3,0,0,3,0,0,5,0,0,0,0,0,0,7,0,6,6,0,0,0,0,0,7,0,0,0,0,0,0,0,0,0,10,0,0,4,0,0,0,6,0,0,0,0,0,4,0,7,7,0,0,0,0,0,0,0,0,0,0,0,0,0,0,0,0,0,7,0,0,2,12,5,0,0,0,0,0,0,0,2,0,0,0,0,0,6,0,0,0,5,0,0,0,4,5,0,0,0,6,0,0,11,0,0,0,0,12,5,0,1,0,0,0,0,0,9,0,10,8,9,0,0,0,0,0,0,0,0,0,0,2,0,0,0,0
S257,0,3,3,0,0,0,0,0,0,0,0,0,0,0,0,0,0,4,12,1,3,0,0,0,9,0,0,0,0,0,0,6,0,0,0,0,0,0,0,0,0,7,0,0,0,0,0,0,1,5,5,0,1,0,9,0,0,0,0,0,0,0,0,0,0,0,0,0,0,0,0,0,10,0,0,0,0,0,1,0,0,0,0,0,0,0,0,8,0,0,0,0,0,0,0,0,10,2,0,0,0,0,2,0,6,0,10,0,7,0,0,0,0,12,0,0,0,8,0,7,6,4,0,0,0,0,1,0,0,0,10,0,3,0,5,0,0
S258,0,9,7,4,10,0,14,10,12,0,6,7,8,0,5,0,0,4,13,0,15,0,7,8,3,0,0,6,12,6,0,8,9,14,0,13,0,7,0,6,0,0,0,3,3,0,0,0,9,12,0,8,10,0,13,4,0,5,7,0,8,2,9,0,8,8,6,17,11,5,11,11,0,0,0,0,5,9,12,0,2,15,0,11,8,0,0,4,8,6,0,5,0,7,0,13,0,12,9,7,8,10,0,5,12,17,0,0,0,7,5,4,4,11,7,10,0,0,10,9,5,11,5,0,11,11,6,0,0,0,0,0,0,10,8,10,7
S259,1,5,0,0,6,0,0,0,5,0,0,0,0,11,0,0,0,10,10,5,0,0,0,0,7,0,12,0,13,0,0,4,0,9,0,3,0,14,9,5,3,0,0,0,0,0,0,0,10,6,0,0,0,0,0,0,10,12,0,0,9,2,0,0,0,0,0,0,0,0,11,0,4,0,4,0,7,0,0,0,0,0,0,10,0,0,0,0,0,8,4,7,0,0,10,11,0,10,0,0,0,8,9,0,5,5,0,5,10,0,0,0,0,0,11,8,6,0,0,9,5,0,4,0,14,0,0,0,0,0,0,0,12,17,0,0,0
S260,0,0,7,0,0,0,0,0,0,0,0,0,0,4,0,0,12,0,7,0,0,0,0,0,4,0,0,0,0,0,0,3,0,0,0,0,0,8,0,0,0,4,0,0,0,0,0,0,0,0,10,0,0,0,8,0,2,0,0,0,0,0,0,0,0,0,0,0,0,0,0,2,0,0,0,0,0,0,0,0,0,0,0,0,0,0,0,0,0,0,1,6,0,0,0,0,0,0,0,0,0,3,3,0,0,0,5,0,0,0,0,0,2,8,1,0,0,0,0,7,0,7,1,0,0,0,0,0,0,0,13,1,6,0,0,9,0
S261,0,7,0,0,9,16,5,11,8,5,7,7,9,7,5,0,8,0,13,0,7,6,7,0,12,0,10,0,10,11,0,3,13,6,5,10,0,12,5,4,9,5,12,6,10,0,13,10,7,0,8,0,0,6,9,6,0,7,11,5,0,0,0,0,5,8,9,9,0,0,0,10,0,13,0,9,0,8,0,0,11,9,0,5,0,7,4,10,10,8,10,8,10,8,0,13,12,13,7,0,10,10,6,12,8,10,0,9,8,0,0,0,0,12,11,9,7,9,9,0,13,14,0,0,0,3,10,0,0,5,4,0,11,4,0,0,8
S262,0,0,0,0,0,0,0,0,0,0,0,0,0,0,0,0,7,7,0,0,0,0,0,0,0,0,4,0,0,0,0,0,0,0,15,1,0,0,7,1,0,0,3,0,0,0,0,0,0,0,0,0,0,0,5,0,0,0,0,0,0,0,0,0,0,0,0,1,0,0,0,8,5,0,0,1,0,0,0,0,5,0,0,0,0,0,0,0,0,3,0,0,0,0,3,0,7,0,0,0,0,0,0,0,0,0,6,0,7,2,0,0,0,13,0,0,0,8,0,0,7,0,0,0,0,0,0,0,0,0,3,0,9,0,0,0,0
S263,0,6,3,1,0,4,0,0,0,0,0,0,0,0,5,5,5,0,0,0,5,0,0,0,0,0,0,0,0,0,0,0,10,0,0,0,0,0,8,0,0,0,0,0,0,0,6,0,0,0,9,0,0,0,4,0,0,0,0,0,0,0,0,0,0,0,0,0,0,0,0,7,5,0,0,0,6,0,0,0,0,0,0,1,0,0,0,0,0,5,0,0,0,0,0,0,8,1,0,1,0,0,0,0,10,0,4,0,7,0,0,0,0,10,0,0,4,0,0,7,8,0,0,0,3,0,0,0,0,0,7,0,0,0,0,10,0
S264,0,0,6,9,13,0,9,0,12,0,3,5,0,5,10,0,10,13,8,0,11,0,0,0,12,10,5,0,0,10,10,0,0,0,8,6,0,0,7,6,9,7,0,0,0,8,0,0,0,9,0,0,0,7,0,0,11,6,7,0,9,11,12,3,12,0,11,9,0,0,0,9,0,10,0,0,9,0,0,6,6,0,0,8,0,7,9,0,0,0,5,10,0,8,0,6,9,13,9,0,10,7,0,7,0,7,7,1,11,3,8,5,7,0,0,7,15,13,0,8,8,0,6,0,10,12,6,0,0,3,5,0,5,8,0,11,7
S265,0,0,0,0,0,0,0,0,0,0,0,0,0,0,0,1,0,0,0,0,0,0,0,0,0,0,0,0,0,0,0,0,0,0,0,0,0,0,0,0,0,0,0,0,0,0,0,0,0,0,0,0,1,0,0,1,1,0,0,0,0,0,0,0,0,0,0,0,0,0,0,0,0,0,0,0,0,0,0,4,0,0,0,0,0,0,0,0,0,0,0,0,0,0,0,0,0,0,0,0,0,0,0,0,0,0,6,0,3,0,2,0,0,0,0,0,0,1,0,0,2,0,0,0,0,0,0,0,0,0,0,0,0,0,0,0,0
S266,0,9,11,11,9,11,0,8,8,0,5,10,7,0,6,0,0,13,0,0,11,1,9,0,8,2,5,9,6,12,12,7,12,4,12,0,4,5,12,0,3,0,0,0,0,6,0,0,0,0,11,0,0,5,0,0,4,0,11,8,4,3,0,0,0,0,4,0,0,0,3,0,0,10,0,7,8,0,3,0,10,0,0,0,0,3,0,11,0,9,1,12,0,2,6,8,0,0,0,10,0,7,6,5,10,9,0,7,2,4,8,0,0,0,7,0,0,0,0,0,0,12,0,4,0,6,0,6,0,0,17,10,11,10,8,11,0
S267,0,11,8,7,8,0,4,0,4,0,0,8,10,0,11,4,0,5,7,0,0,0,0,0,6,0,9,0,11,0,12,0,6,0,0,0,0,10,7,0,0,9,0,0,3,0,13,0,0,7,12,2,5,4,6,11,0,8,5,0,10,7,0,0,0,0,5,5,4,0,0,10,0,0,0,0,9,0,0,0,0,0,0,0,0,0,9,11,5,5,0,0,1,2,8,17,0,9,0,7,0,7,0,9,7,0,5,0,0,0,6,0,6,11,11,5,0,11,9,0,10,6,4,0,0,0,11,0,0,1,10,7,8,10,0,5,6
S268,0,3,7,0,3,3,0,8,0,0,0,0,0,0,6,0,10,0,0,0,0,0,0,0,6,0,6,6,0,2,0,3,7,6,0,0,0,0,0,0,0,11,0,0,4,0,0,0,0,0,17,0,4,0,8,0,0,0,0,0,2,0,0,0,0,0,0,0,0,0,0,7,9,0,1,0,0,0,0,0,6,0,0,0,0,0,0,5,0,0,0,0,0,0,0,0,4,0,0,0,0,0,0,9,0,0,0,0,0,5,0,0,0,0,0,4,0,6,4,10,9,0,6,0,0,0,7,0,0,0,13,0,7,0,7,7,6
S269,0,0,0,0,0,8,0,0,2,0,0,0,1,0,0,0,13,4,13,0,4,0,0,0,8,0,0,6,0,0,6,6,0,0,9,0,0,0,0,0,0,5,0,0,0,0,5,0,0,6,7,0,1,0,0,0,0,0,0,0,0,0,0,0,0,1,0,0,6,0,0,0,0,0,0,0,0,5,0,0,5,5,0,0,0,0,3,10,0,0,1,9,0,0,0,10,14,3,0,0,3,0,2,5,0,0,0,0,9,0,0,0,2,14,3,0,2,0,3,7,0,0,0,0,0,0,0,0,0,0,8,0,0,5,0,0,5
S270,0,0,0,0,0,9,0,11,0,8,0,0,0,8,0,5,5,0,0,0,0,0,0,0,0,0,0,7,0,6,0,0,14,5,0,0,0,0,15,0,0,6,5,0,0,0,0,0,0,5,6,0,0,0,0,0,0,0,0,3,0,0,0,0,0,0,0,0,0,0,0,0,0,2,0,0,0,0,0,0,0,7,0,0,0,0,0,5,0,12,0,0,0,0,6,10,5,1,0,0,7,0,0,9,0,0,6,0,12,0,0,0,0,0,0,6,6,8,4,5,0,8,0,0,0,0,0,0,0,0,6,0,0,0,8,10,0
S271,0,0,5,0,10,7,0,7,11,0,3,2,0,12,0,10,8,0,0,0,5,0,6,4,12,4,8,0,3,0,0,0,0,0,10,9,0,6,7,0,0,0,11,0,0,3,11,0,0,9,10,0,0,0,7,0,0,6,3,10,0,0,1,0,0,0,0,0,10,0,0,0,8,5,1,0,3,0,1,4,0,0,0,7,0,0,8,13,0,0,0,8,0,0,4,10,12,5,0,0,0,0,3,12,0,0,11,0,0,9,0,0,0,10,11,0,0,8,8,12,11,5,0,0,6,0,0,0,0,0,7,6,9,0,5,0,5
S272,0,9,8,0,2,0,6,11,4,7,2,0,10,5,0,11,5,8,0,4,0,0,0,0,6,0,0,6,0,7,8,0,0,8,0,0,0,7,8,0,0,0,9,0,0,4,0,6,0,0,6,0,9,0,7,3,0,0,0,0,7,0,6,0,0,6,5,0,7,0,0,9,5,8,2,0,0,0,0,0,0,0,0,8,0,4,0,7,0,0,0,0,2,0,0,6,14,0,0,10,0,7,0,9,0,4,0,0,0,10,7,0,6,0,0,9,10,0,15,10,10,0,0,0,8,13,9,0,2,0,0,0,0,8,0,0,0
S273,0,11,10,0,6,6,0,0,0,11,0,0,0,0,6,6,0,5,0,0,0,0,0,0,7,3,10,3,0,3,5,13,3,8,4,0,0,0,4,0,0,0,0,0,0,0,8,0,3,0,0,0,0,0,8,7,0,5,6,0,0,0,0,0,2,2,0,0,0,0,0,6,5,6,0,0,0,0,0,3,9,8,0,8,0,0,9,0,0,8,0,0,0,0,0,7,0,0,0,0,0,0,0,0,10,7,0,5,8,0,4,0,6,8,14,0,0,0,7,9,0,8,0,0,0,0,0,0,0,0,7,7,6,0,8,6,12
S274,0,5,6,3,7,6,0,11,0,0,0,3,3,0,0,15,4,8,10,0,0,0,0,0,0,0,0,4,0,5,0,4,9,14,0,0,0,5,0,0,2,11,10,0,0,0,7,0,5,9,7,0,10,0,9,6,5,0,5,0,6,0,1,0,0,5,0,12,0,2,0,9,0,0,0,0,13,0,0,0,0,4,0,10,0,0,0,10,8,7,0,6,0,0,0,7,0,0,0,0,0,1,0,6,0,0,8,0,12,9,8,0,4,9,0,8,9,10,0,8,10,4,0,5,8,0,0,0,0,0,13,0,0,9,9,13,4
S275,0,0,0,7,0,0,0,8,5,5,10,7,6,0,15,5,9,0,0,3,11,7,9,0,6,5,8,0,0,5,0,5,8,13,7,12,8,6,15,0,7,0,10,0,8,0,11,6,6,8,7,3,5,8,0,0,15,10,14,7,6,7,0,1,11,9,0,10,0,0,6,11,0,7,6,0,12,6,11,4,0,0,0,4,0,11,0,7,0,12,0,10,0,10,0,6,0,7,0,0,6,7,7,0,7,8,7,7,7,0,14,0,0,0,0,0,7,7,11,7,0,0,13,0,19,0,9,6,0,0,8,2,13,11,7,5,0
S276,0,0,7,7,0,3,0,4,0,0,0,10,0,0,4,7,0,0,10,0,0,0,8,0,0,0,13,7,0,0,0,4,0,0,3,0,0,0,0,0,4,6,7,0,0,3,0,0,0,5,11,0,4,0,10,3,0,0,0,0,0,0,0,0,5,0,0,0,0,0,0,9,0,0,2,0,0,5,0,0,13,0,0,0,0,0,0,8,0,0,6,0,0,0,0,0,0,0,0,0,0,6,0,0,9,9,0,8,0,0,11,0,7,10,4,13,12,0,11,0,0,0,0,0,8,6,6,0,0,1,0,5,12,7,5,9,10
S277,6,8,11,8,0,5,0,5,11,4,9,12,0,11,11,11,9,4,0,15,12,0,0,0,6,11,8,7,0,9,5,12,15,8,8,10,13,9,6,7,13,0,6,0,8,7,0,0,0,0,0,0,14,0,0,8,8,0,7,8,6,6,12,0,0,0,10,7,9,10,16,0,9,0,12,9,0,0,0,6,0,4,7,11,9,11,7,8,7,0,12,5,5,0,5,0,7,9,12,0,0,9,11,10,0,0,7,0,8,0,0,9,11,9,8,7,0,0,6,0,0,5,0,13,0,11,0,7,10,5,10,9,10,9,7,8,0
S278,0,7,9,12,0,0,4,9,0,0,0,15,5,0,8,0,0,0,0,4,0,9,7,5,12,0,12,10,8,0,9,8,11,10,0,6,6,0,0,7,9,11,0,6,5,9,10,9,11,0,0,6,0,0,10,6,0,0,5,10,5,0,0,5,0,9,0,8,11,10,5,0,0,10,16,0,7,0,7,11,11,0,13,0,0,0,10,7,0,0,9,9,0,0,0,0,16,13,7,8,10,10,7,10,6,9,0,0,10,6,8,8,15,8,0,6,0,8,9,0,7,11,0,5,7,10,5,0,0,7,5,0,8,0,8,8,0
S279,0,10,13,5,8,0,0,0,0,1,0,0,1,0,8,6,0,0,0,0,8,0,6,2,10,0,0,5,0,0,0,7,9,8,0,0,2,0,0,0,0,0,6,0,0,0,0,0,0,0,0,0,8,0,13,0,0,0,0,0,0,0,0,0,0,0,0,0,0,0,6,9,10,0,0,0,0,0,0,0,0,9,0,2,0,0,0,0,0,9,0,5,0,0,0,0,4,0,0,5,0,0,0,4,6,0,0,0,7,13,10,0,0,4,4,0,0,0,8,0,0,0,0,0,7,0,6,0,0,4,0,0,0,0,9,0,0
S280,0,0,5,0,3,7,0,9,13,0,0,0,8,10,7,6,9,8,12,0,0,0,3,0,0,0,8,0,6,6,8,11,0,0,0,7,0,3,0,0,0,7,4,0,0,0,0,0,0,4,9,0,0,0,0,0,0,0,0,4,0,1,0,0,0,0,3,8,7,0,0,0,11,0,0,0,0,9,0,0,9,0,0,6,3,0,7,5,0,0,0,4,0,0,4,7,0,0,0,0,0,3,0,0,11,0,9,0,0,6,0,0,0,4,0,0,0,0,0,9,0,5,0,0,0,7,12,0,0,0,0,6,3,0,7,0,2
S281,0,0,0,0,0,0,0,2,5,0,0,0,5,0,0,0,6,0,0,0,3,0,2,0,0,0,4,5,0,0,2,9,8,0,11,0,0,7,9,0,0,11,0,0,0,0,9,0,4,0,6,0,2,0,4,4,6,0,0,3,3,0,0,0,0,0,3,0,7,0,0,0,0,0,0,0,0,0,0,0,0,0,0,0,0,4,0,3,0,15,0,11,0,0,7,5,0,3,0,0,0,0,0,0,0,3,4,3,0,0,5,0,0,0,0,13,0,10,4,7,6,0,0,0,0,5,0,0,0,0,0,1,9,0,0,0,0
S282,0,9,10,0,11,9,0,10,6,6,0,5,0,0,8,0,2,0,0,0,0,0,4,2,5,0,9,7,13,0,11,4,0,14,9,0,0,8,0,0,0,0,0,1,0,0,0,0,0,6,0,0,0,0,0,9,0,2,7,0,7,0,3,1,0,0,4,0,4,0,9,8,7,0,0,0,4,0,3,0,0,3,0,6,0,0,9,10,0,5,0,4,0,0,0,8,0,0,0,5,3,0,0,8,9,5,0,0,5,11,5,0,7,10,9,12,0,0,0,6,0,5,4,0,4,0,0,3,0,0,12,0,0,4,0,4,0
S283,0,5,0,0,0,0,0,0,0,0,0,0,0,3,0,0,7,0,0,1,0,0,0,0,11,0,3,0,0,0,0,0,0,3,2,0,0,0,7,0,0,0,0,0,0,0,0,0,0,4,13,0,3,0,0,0,3,0,0,0,0,2,0,0,0,0,0,4,3,0,0,0,0,0,0,0,0,0,0,0,0,3,0,0,0,0,0,0,0,7,0,10,0,0,0,0,11,0,0,1,0,3,0,6,3,0,12,0,12,5,0,0,0,0,0,5,0,6,0,0,8,0,0,0,1,0,0,0,0,0,0,0,0,0,5,10,0
S284,0,9,0,0,7,0,0,12,5,0,0,0,0,12,6,10,0,9,7,0,5,0,0,0,10,0,0,0,0,0,10,0,0,0,8,4,8,11,7,0,0,8,8,0,0,0,0,0,7,7,0,0,7,4,6,0,0,0,9,7,0,0,0,0,0,0,0,0,0,0,5,7,0,0,0,0,10,7,0,2,8,0,0,0,0,0,0,0,0,6,0,16,0,0,6,6,0,0,0,7,8,9,8,7,0,0,7,10,9,0,9,0,0,8,6,0,4,6,0,0,7,12,0,0,0,5,13,0,0,0,6,6,10,0,0,7,0
S285,0,5,9,0,0,0,0,0,8,0,0,0,4,4,0,11,0,8,0,0,0,0,3,1,9,0,4,0,0,0,0,0,0,0,5,0,0,9,6,0,0,0,0,0,0,0,0,0,0,0,0,0,6,0,6,0,0,0,0,0,2,0,0,0,0,0,0,0,0,0,0,0,9,0,0,1,4,3,0,0,0,0,0,0,0,0,4,9,0,10,0,5,0,0,0,9,0,0,0,0,0,0,1,4,7,7,12,2,0,3,7,0,0,0,0,0,0,8,5,11,0,7,0,1,4,2,5,0,0,0,0,0,6,5,0,5,3
S286,0,0,0,0,0,0,0,0,0,0,0,0,0,0,0,0,7,0,0,0,0,0,0,0,0,0,0,0,0,1,0,0,3,0,3,0,0,0,0,0,0,0,0,0,0,0,0,0,1,0,1,0,0,0,2,0,0,0,2,0,0,0,0,0,0,0,0,0,0,0,0,0,0,0,0,0,0,0,0,0,0,0,0,0,0,0,0,6,0,0,0,0,0,0,0,0,8,0,0,0,0,0,0,0,0,0,0,0,0,0,0,0,0,0,0,0,0,0,0,6,3,0,0,0,0,0,0,0,0,0,0,0,5,0,0,0,0
S287,0,13,0,5,0,0,0,9,7,0,0,0,0,8,7,7,3,6,0,0,2,0,5,0,0,4,7,0,9,11,11,0,0,0,0,0,6,0,7,0,0,0,0,0,0,0,8,0,11,0,9,0,0,0,0,0,7,8,10,0,3,3,8,0,2,0,5,0,12,1,0,5,0,6,0,9,0,8,0,0,7,4,4,12,0,1,0,0,4,0,0,9,0,0,9,6,13,0,6,0,5,12,7,0,8,9,12,9,11,7,0,0,0,0,0,4,5,5,0,6,10,0,0,4,7,5,0,2,0,0,8,10,5,0,7,10,0
S288,0,0,9,5,0,0,0,0,0,0,0,0,0,5,0,0,11,10,7,0,0,0,0,0,3,1,4,0,0,0,0,0,3,0,0,0,0,0,8,0,0,0,3,0,0,0,4,0,0,10,4,0,0,0,0,0,0,0,0,0,8,0,0,0,0,0,0,0,0,0,0,0,0,0,0,0,0,0,0,0,4,0,0,0,0,1,0,0,3,0,0,0,0,0,0,8,6,0,0,4,0,0,0,10,4,0,0,1,10,6,0,0,0,0,3,0,0,5,0,0,0,9,0,0,0,2,0,0,0,0,0,1,0,0,5,3,0
S289,0,7,9,16,14,6,10,8,10,0,0,8,3,0,11,11,6,0,0,0,16,0,0,3,6,0,0,9,4,8,5,0,0,0,8,0,5,8,8,0,4,8,9,0,0,0,11,0,8,11,9,0,3,0,4,0,0,10,11,0,6,8,3,0,0,4,0,9,0,0,10,10,9,10,4,6,0,9,3,1,0,0,0,8,7,8,11,7,7,10,0,9,2,3,0,8,0,0,0,0,10,11,0,0,7,0,0,0,7,6,0,0,0,6,6,5,8,0,8,7,9,7,0,0,0,13,7,0,0,0,11,12,0,8,7,9,8
S290,8,0,0,11,7,12,3,0,9,0,3,0,10,6,4,6,9,17,8,3,10,0,0,7,9,6,5,10,6,0,0,0,0,0,4,7,7,0,12,0,8,0,0,0,0,8,6,0,5,11,0,0,8,0,8,8,2,10,6,5,0,9,0,0,9,11,10,4,7,0,8,5,9,0,6,9,5,5,2,0,0,13,0,7,5,7,0,6,0,15,3,6,0,4,8,11,12,3,13,0,10,7,7,8,6,8,0,0,11,0,0,0,11,7,7,0,8,5,14,8,7,6,5,0,8,7,10,0,0,3,10,10,0,12,9,0,9
S291,5,0,16,0,12,10,13,9,9,0,0,13,0,12,0,9,0,0,0,0,0,5,10,7,0,0,5,8,0,0,13,9,7,8,0,0,0,10,0,0,0,10,13,9,5,7,8,7,0,7,13,0,12,0,7,7,0,8,13,9,15,9,0,0,6,0,5,10,7,0,0,7,9,11,6,8,8,0,11,0,8,10,0,0,0,3,9,7,0,6,0,16,0,0,8,0,10,0,6,5,0,6,9,8,8,0,11,8,0,0,4,0,7,4,0,0,7,0,7,0,10,6,0,11,0,6,0,0,0,0,15,8,0,8,0,11,9
S292,0,0,10,0,0,0,0,0,0,0,0,2,0,0,0,12,15,9,3,0,0,0,0,0,0,0,0,0,0,0,0,0,0,4,0,0,0,0,0,0,0,0,0,0,0,0,0,0,0,8,8,0,0,0,8,0,0,0,6,0,0,2,0,0,1,0,0,6,0,0,4,4,0,0,0,0,0,0,0,0,6,0,0,0,0,0,2,4,0,0,0,0,0,0,0,4,4,0,1,0,0,1,0,10,12,0,7,0,6,0,6,0,0,7,0,5,5,8,0,12,0,13,0,0,9,0,0,0,0,1,0,0,0,0,5,8,0
S293,0,0,0,0,0,5,0,0,0,0,0,0,2,1,0,0,0,4,6,0,0,0,0,0,3,0,0,1,0,0,2,0,0,0,0,3,0,0,0,0,0,0,0,0,0,0,0,0,0,0,8,0,0,0,5,3,0,0,0,0,0,0,0,0,0,0,0,0,0,0,0,5,9,0,0,0,0,0,0,0,0,0,0,1,0,0,2,0,0,0,0,0,0,1,2,0,13,0,0,0,0,0,0,0,0,0,5,0,8,0,0,0,0,0,0,0,0,0,0,0,5,0,0,0,0,0,0,0,0,0,0,0,7,0,2,0,0
S294,8,13,10,12,5,7,7,7,5,0,9,0,13,13,11,4,11,12,10,0,13,9,5,8,8,0,0,0,11,11,3,6,10,0,0,7,0,9,9,0,0,7,0,0,6,0,12,11,10,0,12,0,0,9,7,0,12,9,9,5,0,7,5,5,0,0,0,0,10,0,9,0,9,0,11,0,0,8,14,0,7,0,0,4,0,0,12,8,7,8,0,13,7,6,0,2,12,8,4,0,5,0,0,0,7,6,8,0,10,6,0,8,9,12,0,8,7,11,0,8,9,6,0,8,7,11,13,0,0,1,5,0,0,9,0,6,5
S295,5,0,10,0,0,11,0,9,9,12,0,12,10,18,10,0,8,9,9,12,8,8,0,8,0,0,3,7,8,0,0,14,0,1,8,10,6,10,15,2,7,10,5,0,0,4,9,4,9,9,10,2,0,6,0,0,7,0,0,0,15,8,0,6,6,8,5,8,8,0,0,13,0,5,5,0,0,0,8,9,0,0,0,9,13,7,9,0,10,0,0,8,0,7,13,9,5,0,7,0,12,11,5,8,4,3,8,7,0,0,10,4,0,0,2,9,8,0,14,12,7,7,0,0,7,9,3,0,2,0,10,6,9,0,7,11,0
S296,0,10,0,10,8,0,0,6,12,0,0,4,8,0,4,0,10,0,0,13,5,11,0,10,12,0,0,4,0,0,10,9,4,0,0,7,8,0,0,0,0,11,9,0,11,0,9,0,0,0,11,0,5,0,13,0,11,11,0,11,0,4,0,0,7,6,10,0,0,0,0,9,6,8,0,5,8,0,7,11,11,2,3,6,7,11,8,0,6,0,0,7,0,7,8,0,6,10,0,15,0,12,3,0,4,7,9,0,0,7,6,0,0,8,7,0,0,0,10,0,8,9,7,6,10,10,11,10,0,11,12,7,0,0,0,7,8
S297,0,2,0,0,4,14,0,11,0,12,2,0,5,5,5,9,12,0,0,0,5,0,0,5,10,0,7,7,0,0,9,10,10,0,11,5,7,0,0,0,5,0,7,0,0,0,0,0,0,11,7,0,10,0,6,5,13,0,11,11,10,0,4,0,0,0,7,12,6,0,8,6,0,0,0,0,14,0,0,0,0,10,1,7,0,2,8,6,6,0,0,0,0,0,6,0,0,0,6,9,9,1,0,8,9,6,0,0,0,0,5,0,4,0,5,9,0,9,9,8,6,9,10,8,5,8,0,0,0,0,7,8,0,0,0,0,8
S298,6,9,6,11,0,3,0,0,0,5,9,6,8,0,7,12,9,9,0,0,7,0,0,10,8,13,10,8,0,11,13,0,11,9,0,0,10,9,7,8,6,0,0,0,7,0,12,0,3,7,0,6,0,8,0,0,14,10,11,0,8,0,7,8,13,9,10,15,0,0,0,9,5,8,0,6,12,9,0,6,0,17,13,0,3,0,7,8,6,3,9,11,7,5,16,8,11,0,7,0,5,6,8,0,7,0,6,10,6,10,5,5,5,0,0,0,8,0,0,8,10,0,0,5,10,0,6,7,5,6,0,0,5,9,0,0,0
S299,0,8,0,9,10,5,13,0,7,0,16,0,0,7,11,8,0,12,0,0,12,0,13,15,11,0,15,13,0,8,13,17,4,0,5,9,9,0,11,7,7,9,15,0,11,0,0,7,0,0,0,0,8,7,0,13,4,0,0,9,9,6,5,0,0,4,6,0,0,0,10,11,0,8,7,8,0,11,6,14,13,7,2,12,0,8,0,0,14,9,4,6,10,5,0,0,6,11,0,4,10,0,5,7,5,5,8,0,8,9,11,0,0,10,0,0,0,0,10,0,5,17,11,8,9,8,0,0,0,0,0,6,8,9,5,0,0
S300,0,4,0,0,9,3,0,0,7,4,2,0,0,0,0,0,15,0,6,6,0,3,5,5,0,0,12,7,0,11,0,0,11,0,9,0,0,0,10,0,0,5,0,0,0,6,5,0,3,0,0,0,11,2,0,7,9,0,4,12,8,8,0,0,0,7,4,7,8,0,5,9,9,9,0,5,4,0,5,0,10,0,0,13,0,0,8,0,0,0,2,7,0,0,0,15,0,12,0,8,5,0,3,0,5,5,9,0,0,7,6,0,0,0,7,0,8,8,10,8,7,7,6,0,6,7,11,0,0,0,0,7,9,0,0,10,6
S301,0,0,0,0,0,0,0,0,0,0,0,0,0,0,0,0,0,0,0,0,0,0,0,0,0,0,0,0,0,0,0,0,0,0,0,0,0,0,0,0,0,0,0,0,0,0,0,0,0,0,0,0,0,0,0,0,0,0,0,0,0,0,0,0,0,0,0,0,0,0,0,0,0,0,0,0,0,0,0,0,1,0,0,0,0,0,0,0,0,0,0,3,0,0,0,0,0,0,0,0,0,0,0,0,3,0,0,0,0,3,0,0,0,0,0,0,0,0,0,5,0,0,0,0,0,0,0,0,0,0,0,0,0,0,0,0,0
S302,0,9,0,9,4,8,0,0,7,0,0,0,0,0,6,0,0,0,9,1,6,0,0,5,10,0,0,0,0,0,4,8,0,9,12,0,0,7,5,0,1,0,10,0,0,0,0,0,5,0,7,0,4,0,7,5,2,5,9,7,4,7,0,0,0,0,0,5,6,0,0,6,0,0,0,0,8,11,0,0,7,0,0,0,4,0,0,6,0,6,5,0,0,0,5,9,0,0,6,0,0,0,0,9,6,0,0,7,0,11,11,0,0,0,0,0,0,8,4,7,5,14,0,0,10,0,5,0,0,0,6,6,11,8,9,0,6
S303,0,0,7,0,0,4,1,5,0,6,2,0,7,9,0,13,8,10,0,0,0,0,0,0,0,0,1,7,0,0,2,0,5,5,8,0,0,9,3,0,0,0,0,0,0,0,0,1,0,0,8,0,3,2,7,0,0,0,0,0,0,0,0,0,0,0,0,0,0,0,0,9,0,0,0,0,0,3,0,0,7,0,0,9,0,0,4,0,0,6,0,0,0,0,0,0,7,0,0,0,0,0,0,0,6,0,0,0,4,10,4,0,0,4,8,2,0,7,0,0,4,0,0,0,0,1,5,0,0,0,8,0,8,0,0,16,0
S304,0,0,0,0,0,0,0,0,0,0,0,0,0,1,0,0,0,2,6,1,0,0,0,0,0,0,0,0,0,0,0,0,0,0,0,0,0,0,0,0,0,0,0,0,0,0,0,0,0,0,4,0,0,0,3,0,0,0,0,0,0,0,0,0,0,0,0,0,0,0,0,0,0,0,0,0,0,0,0,0,0,0,0,0,0,0,0,2,0,0,0,0,0,0,0,0,0,0,0,0,0,0,0,0,9,0,0,0,0,0,0,0,0,6,4,0,0,0,0,0,0,4,0,0,0,0,0,0,0,0,0,0,0,0,0,6,0
S305,0,0,15,0,11,0,3,0,0,6,7,0,9,8,9,9,10,8,6,0,0,0,8,11,0,5,11,0,11,0,12,8,0,9,0,0,0,0,12,2,0,10,7,0,0,8,0,0,0,7,5,0,0,4,0,0,11,9,4,5,4,0,0,0,2,7,0,7,0,0,14,0,7,0,0,0,9,7,0,0,12,0,0,0,0,9,10,0,0,8,0,10,0,0,0,5,0,0,3,0,0,7,6,0,12,10,6,7,9,0,4,0,0,0,9,8,4,0,5,12,0,5,0,0,8,0,0,0,0,0,9,9,10,0,9,6,0
S306,0,0,0,0,0,0,0,0,0,0,0,0,0,0,0,0,0,0,0,0,0,0,0,0,0,0,0,0,0,0,0,0,0,0,0,0,0,0,0,0,0,0,0,0,0,0,0,0,0,0,0,0,0,0,0,0,0,0,0,0,0,0,0,0,0,0,0,0,0,0,0,0,0,0,0,0,0,0,0,0,0,0,0,0,0,0,0,0,0,0,0,0,0,0,0,0,0,0,0,0,0,0,0,0,0,0,0,0,0,0,0,0,0,0,0,0,0,0,0,3,0,0,0,0,0,0,0,0,0,0,0,0,0,0,0,0,0
S307,0,10,10,9,0,6,0,0,0,0,0,6,0,5,0,9,10,3,0,0,0,0,0,0,9,0,5,8,4,6,7,0,7,0,0,8,0,10,0,0,0,14,3,0,0,0,4,0,0,6,11,0,10,0,0,0,0,0,0,8,0,0,0,0,4,0,0,9,0,0,0,0,0,0,1,0,4,0,0,0,9,0,2,3,0,5,8,4,9,15,0,0,0,0,0,0,6,0,0,6,0,5,6,2,9,0,0,4,0,0,0,0,0,3,0,0,7,0,0,5,5,10,0,0,8,3,10,0,0,0,12,5,6,2,7,7,4
S308,5,0,0,0,9,7,0,0,8,10,6,0,0,0,7,0,11,11,12,11,6,7,11,6,9,0,0,6,0,10,0,0,8,0,6,9,0,7,6,0,0,12,9,4,0,3,8,5,0,0,0,0,16,0,0,5,12,0,9,0,5,0,7,0,0,0,6,6,0,0,6,12,7,7,0,5,12,11,0,0,0,9,0,9,0,10,0,0,0,0,3,6,0,0,0,7,0,6,0,0,0,7,0,0,16,0,0,0,6,5,0,0,10,0,0,4,0,0,0,0,9,9,4,3,0,0,0,7,1,0,6,12,12,9,4,21,0
S309,0,1,11,0,0,9,0,3,0,0,0,0,0,0,0,6,0,0,7,0,0,0,0,0,0,0,0,0,0,5,0,0,12,2,0,0,0,0,7,0,0,0,0,0,0,0,0,0,0,0,0,0,0,0,12,1,0,0,0,0,0,0,0,0,0,3,0,0,0,0,0,0,14,0,2,1,1,0,0,0,0,0,0,0,0,0,0,0,0,0,0,6,0,0,0,0,7,0,0,9,0,0,3,0,7,0,0,6,8,0,0,0,0,6,0,0,2,13,5,11,0,0,3,0,3,0,0,0,0,0,7,0,7,5,0,0,0
S310,0,0,0,0,0,3,0,0,0,2,0,0,0,0,0,0,0,0,0,0,0,0,0,0,0,0,0,0,0,0,0,0,0,0,0,0,0,0,1,0,0,0,0,0,0,0,0,0,0,0,0,0,0,0,0,0,0,0,0,0,0,0,0,0,0,0,0,0,0,0,0,0,0,0,0,0,0,0,0,0,0,0,0,0,0,0,0,0,0,3,0,5,0,0,0,1,0,0,0,0,0,0,0,0,5,0,0,0,0,0,1,0,2,0,0,0,0,4,0,4,0,0,0,0,0,0,4,0,0,0,3,0,0,0,0,0,0
S311,0,5,4,3,0,8,0,0,0,0,2,0,0,3,0,0,10,12,8,0,0,0,0,0,0,0,0,0,0,0,0,0,7,0,10,0,2,0,0,0,0,10,0,0,0,0,7,0,0,0,10,0,0,0,0,0,0,0,0,0,0,0,0,0,0,0,0,0,0,0,0,7,0,0,0,0,0,0,0,1,3,0,0,0,0,0,0,0,0,0,0,0,0,0,0,0,0,0,0,0,2,0,0,12,6,0,14,0,10,0,3,0,0,0,1,3,0,6,6,7,4,0,0,1,4,0,7,0,0,0,9,0,0,3,0,12,0
S312,0,0,8,0,0,0,0,0,0,0,0,0,0,0,0,0,13,0,10,0,0,0,0,0,10,0,0,0,0,1,0,0,0,0,3,0,0,0,0,0,0,0,0,0,0,0,0,0,0,0,0,0,0,0,9,0,0,0,0,0,0,0,0,0,1,0,0,0,0,0,0,0,5,0,0,0,0,0,0,0,0,0,0,0,0,0,0,5,0,0,0,0,0,0,0,0,0,0,0,0,0,3,0,0,3,0,6,0,0,7,0,0,0,3,0,0,0,0,0,4,4,0,0,0,0,0,0,0,0,0,0,0,0,0,0,6,0
S313,0,0,0,0,10,15,0,0,1,0,4,10,0,7,7,0,4,0,0,10,14,0,0,6,4,9,7,0,10,0,0,10,0,12,7,12,6,0,0,0,6,10,3,0,8,0,0,5,13,12,8,0,9,4,10,9,8,0,5,4,0,3,0,0,11,0,4,0,0,0,5,6,18,6,6,0,0,0,0,5,6,0,0,8,0,6,0,9,7,7,0,10,4,0,12,0,0,4,0,7,0,0,7,0,14,6,0,0,0,0,9,0,0,0,0,0,8,0,0,6,7,9,0,0,5,0,0,0,0,0,11,6,0,9,6,7,0
S314,0,0,5,0,0,0,0,0,0,0,0,0,0,0,0,2,4,2,0,0,0,0,0,0,0,0,0,0,0,0,0,0,0,0,5,3,0,0,0,0,0,0,0,0,0,0,0,0,0,0,0,0,0,0,0,3,0,0,0,0,0,0,0,0,0,0,0,0,0,0,0,0,0,0,0,0,0,0,2,0,0,0,0,0,0,0,0,0,0,0,0,0,0,0,0,1,3,0,0,0,0,0,0,0,4,0,0,0,0,1,0,0,0,0,0,0,0,0,0,4,3,0,0,0,0,0,0,0,0,0,0,0,0,0,0,0,0
S315,0,0,0,0,0,0,0,0,0,0,0,0,0,0,1,0,1,0,0,0,0,0,0,0,0,0,0,0,0,0,0,0,0,0,2,0,0,0,0,0,0,0,0,0,0,0,0,0,0,3,0,0,0,0,0,0,0,0,0,0,0,0,0,0,0,0,0,0,1,0,0,0,0,0,0,0,0,0,0,0,0,0,0,0,0,0,0,0,0,0,0,0,0,0,0,0,0,0,0,0,0,0,0,0,0,0,7,0,4,6,0,0,0,0,0,0,0,5,0,6,0,0,0,0,0,0,0,0,0,0,0,0,0,0,0,5,0
S316,0,0,6,0,8,5,0,2,0,0,4,1,0,8,0,0,0,7,5,0,3,0,3,0,6,0,4,4,0,2,0,2,9,10,10,0,0,5,8,3,0,3,0,0,0,0,0,0,0,11,12,0,0,0,8,0,3,0,0,5,0,0,0,0,2,0,0,2,0,0,0,0,0,0,0,0,7,0,0,0,9,9,0,0,0,0,0,10,6,9,0,0,0,0,8,0,11,0,0,5,4,8,0,0,5,2,10,0,0,6,0,0,0,10,7,6,0,0,0,7,11,0,4,0,0,0,0,0,0,0,11,13,0,0,7,11,0
S317,0,3,12,0,0,0,0,0,0,0,0,0,2,7,3,10,6,0,7,0,0,0,0,0,0,0,0,0,0,9,5,0,7,0,7,0,0,3,0,0,0,0,0,0,0,0,4,0,0,0,0,1,0,0,10,2,0,0,0,4,0,0,0,0,0,0,1,0,0,0,0,9,5,0,0,0,0,0,0,0,0,0,0,3,0,2,8,0,0,0,0,8,0,0,3,0,0,0,0,6,0,3,2,5,7,0,6,1,0,0,0,0,0,0,3,0,1,9,0,10,0,0,0,0,0,0,0,0,0,0,9,0,1,0,0,7,8
S318,9,0,0,0,10,9,10,1,9,14,7,0,13,7,5,14,0,13,0,12,11,10,14,0,5,7,6,0,10,0,0,0,10,8,8,10,10,10,0,12,0,10,0,0,9,7,5,0,9,10,0,13,10,0,9,6,0,8,0,10,0,6,13,0,0,8,11,9,9,0,0,0,11,0,11,9,0,9,12,0,14,6,11,4,7,0,0,13,0,0,0,9,11,0,10,13,8,13,9,0,0,0,0,6,0,5,11,0,6,0,3,8,0,7,6,0,9,10,8,15,10,0,9,0,11,0,7,0,8,12,0,0,0,0,7,0,0
S319,0,0,0,0,5,7,3,5,0,0,0,0,0,8,0,5,0,0,0,0,0,0,0,0,6,0,0,9,0,0,8,6,0,6,0,0,0,10,9,0,0,0,0,3,0,0,8,0,0,8,8,0,5,0,0,0,0,0,0,0,0,0,1,0,0,0,0,0,0,0,0,9,11,5,0,0,0,0,0,0,10,12,0,12,4,0,11,9,4,0,0,3,0,0,6,0,0,0,0,0,0,0,0,0,10,4,0,1,8,7,0,0,0,0,9,0,6,10,0,9,12,7,0,0,0,5,0,0,0,0,8,0,0,0,9,8,7
S320,0,6,6,0,6,0,7,0,7,11,0,0,0,8,10,5,13,0,10,10,0,0,4,7,0,8,0,0,0,0,6,7,11,0,10,8,5,0,0,0,6,0,8,0,0,0,8,0,0,0,12,0,0,0,7,0,0,4,6,0,0,0,10,4,7,9,0,12,0,0,6,0,0,0,5,0,9,12,0,0,12,7,0,7,4,10,5,0,6,5,9,6,9,0,0,8,0,0,10,0,0,8,7,0,7,9,4,0,10,12,7,0,0,0,1,9,16,0,0,0,7,12,4,0,0,0,10,6,0,0,6,8,0,0,10,7,0
