sample_id,TAN,AVS,TOC,Metals_TierII,mud_fraction,synthetic_latent_stress,PC1
S001,1.084518229743413,0.9736422441773536,3.4491439875652814,0.754317028102139,0.48169069316393376,0.2938730992382042,0.26119195532937306
S002,0.5090426502847507,0.2948427867383349,0.7050096725392302,0.23444894989935863,0.18035796150733166,-1.2815099246710329,-2.516040257699634
S003,1.14886006958739,1.3249670275933074,2.494382401556529,0.6970365887335631,0.29249804939888663,0.03676642135265001,-0.09984946415094542
S004,0.3555046345438958,0.6353626484843634,0.8146938410304922,0.6516100822729587,0.3314025924428889,-0.5527341071678595,-1.505819483915437
S005,0.9907291252087892,1.4781350921489789,2.5519639950159836,0.8468829073602434,0.4943176845975547,0.10010140921093831,0.36398207169464386
S006,2.764089817875238,2.1158108316283033,2.0307979164265806,1.424476560761917,0.6889524926983058,0.7493067425980892,1.5941775564477836
S007,1.0341711331382513,0.9225045902560073,1.4180984257714544,0.3220335777051877,0.17639938803625113,-0.5992762947162803,-1.1601501132938499
S008,4.243735114659896,2.030864522794137,11.96675717284596,3.914500471786015,0.7691498919112578,1.6205947460432353,3.147422769573692
S009,0.764250796827015,0.4617654503359656,1.6572875928497988,0.5908021004213093,0.5109826354862341,-0.19515161563365607,-0.6464405284655178
S010,3.455004395446185,1.5124827502819203,4.7575804874211896,1.0442557815093896,0.7579734176437376,0.7251977612775939,1.9225781674331701
S011,3.698970050470696,0.89830309608946,3.2260973463876295,1.719636006215055,0.6850792613121115,0.8299503269540518,1.596234964848986
S012,6.842593279556353,5.610595796368589,7.126911188063175,2.8445703728014897,0.8362412574712808,1.7698535499350896,3.7104597236957555
S013,2.8777096661375645,1.3560556644147468,4.469952011988207,1.3004286310453235,0.7124680629681295,0.6760379507761068,1.7391606553980263
S014,0.7560011934887799,0.7373188458542832,0.9543889081462583,0.47256643078266275,0.2318697193648165,-0.5525865294519546,-1.3100972714713417
S015,0.8756323394432798,0.2884459282245022,0.76327820344505,0.47366271029580737,0.2407994543593812,-0.7477294778136501,-1.7638410370741076
S016,2.0700315348049934,1.778420425590895,1.8406620795550517,1.0583969077122373,0.5127189609058928,0.3547883660262017,0.8417194244753003
S017,0.8800907672617871,0.4178295629918291,0.532762558032705,0.356593874173225,0.2680472590157174,-1.1048656987193173,-1.7905622894892745
S018,1.7237925310136537,1.0627580986151626,2.222852575598003,1.666639232214456,0.6294450470379939,0.43286402736647595,0.9881325846256582
S019,8.697140065637011,4.934858331429322,13.070816376015866,2.7038135168417936,0.8203194580958463,1.922529596892525,3.9686276870914243
S020,2.287113019125445,1.0285653919988615,2.2656475322804472,1.1382002420561974,0.3782831921520083,0.6546332987718532,0.4856569070065941
S021,1.6883266975731508,0.6426292814810068,0.7703834462977548,0.6488397817764324,0.2453364719048513,-0.7312114909329289,-0.8726702686695211
S022,4.135373857623115,3.2109232667751,5.895674256673264,2.404638518001578,0.5485191339569448,1.2990980880240925,2.4053493517605684
S023,1.8023684800955668,2.709696308449301,3.8359729276628025,3.1839548448489445,0.8727190022217507,1.1694099593625407,2.52598900391503
S024,1.0458815094217375,1.2159460222192056,2.6289050846192654,1.1619238351205574,0.6442715409138304,0.3970160436889054,0.7337508441154834
S025,2.3871987695160124,2.6387635955686166,4.540522495084328,2.363644883061144,0.6401345493911623,1.0054019946089767,2.0764701984578333
S026,2.919969563721861,0.5667725843873959,2.3240893890781464,0.743530976374146,0.37535953284670426,0.0772694176986515,0.1495351267171592
S027,1.6529383213321034,0.8684040031027542,4.922108747760938,1.5348980846532503,0.6189701313921178,0.5505096148913765,1.1445835044660804
S028,0.33509214307704255,0.14874896839664106,0.23224652803940626,0.09723002296751966,0.08771654756878826,-2.335255658392677,-4.176184228552243
S029,2.173738938825479,2.4384620093252716,5.224143236703792,2.9573697672954853,0.5849767955821114,1.555603147362438,2.032960015679914
S030,0.9526250420155429,0.46159864154351854,1.0041854494999622,0.19158797605788322,0.2811802733390462,-0.814847873849409,-1.6679851669374193
S031,1.4831293171147368,0.32927727027287546,1.1195082778122736,0.9221224631805752,0.3637076519107676,-0.3608093901566533,-0.7178053097306312
S032,0.9120684419674955,0.6820192546932642,0.896397419325545,0.992936340225593,0.415672462549872,-0.2987910685099182,-0.5816865928084368
S033,0.40333608147483596,0.22026713848255547,0.5687342342815169,0.09102242907907858,0.126071199652607,-1.729826631833721,-3.417914551053941
S034,0.51092725029349,0.4693144335330657,0.9831635913750885,0.4669607084120216,0.21502729974721158,-0.962705559305279,-1.7725269792935612
S035,0.8196537164262643,0.7261998867609878,0.7622087018717523,0.20012681185130568,0.3883791819411619,-0.847740013915164,-1.4062002164010035
S036,1.122485425584845,3.177579230095547,3.3356558033771306,1.8885958166763694,0.5102307009969794,0.7782180334589792,1.2874467027001772
S037,0.9412355096136048,0.7969634230314632,2.2699831704690365,1.6920655062128374,0.5223446106261552,0.1779180146669166,0.33081623470317156
S038,0.63335078511743,0.5171380618064546,1.275605731703872,0.4778756621363788,0.5048813887566886,-0.47093994930510835,-0.9026641340552869
S039,2.067624077523543,0.80547619412786,3.8001846674967594,1.627690968040769,0.8121075660086798,0.7082957113822438,1.5582176299637092
S040,0.7421900877586428,0.2898126291813452,1.230029040650955,0.8347705257348591,0.4717214842095446,-0.6017636412984176,-0.9442809001205777
S041,0.25480449861811,0.20342919457277986,0.3539411157094768,0.19959555612100793,0.17102130036961302,-1.6780840701919604,-3.448998886342357
S042,0.5021290542159252,0.3243337991806557,0.383420413330647,0.2411165474936525,0.10032865713882805,-1.5084745431754574,-2.9423033053677363
S043,0.8219928843761906,0.4237446517465497,0.9374215924919129,0.6060879149045326,0.39008759515251185,-0.15269820037073042,-1.1102167486397112
S044,1.2184911708479946,0.700509778197684,1.745337281858921,0.6281678589567514,0.5531970928616683,-0.23454385584866022,-0.06393587427124021
S045,0.9429945258245266,0.4739229722328663,0.7385983159744894,0.43811338331573607,0.3653209193675218,-0.8097392788002435,-1.2677002316425263
S046,1.3748258297738731,0.6742474217510818,2.3151328760225196,1.4688800518400411,0.47230872829921033,0.22378963482339106,0.3047853809557044
S047,0.5293272294574632,0.739043529470533,0.8950569844632144,0.37089239201003427,0.2921104934254721,-0.5750823365359389,-1.4982192900124296
S048,2.821138375094208,1.51270117309649,5.4530017622046865,2.557081132199133,0.5431555390315261,1.1692383962715498,1.8146765430889407
S049,0.5421512572391206,0.38415912919867634,1.216978115325465,0.44098823465643777,0.5393793214938386,-0.5087794218475995,-1.1193212095436798
S050,0.5144423948754328,0.20850729398289883,0.40568485699175355,0.30298405472486517,0.2862793361323289,-1.3731125636739716,-2.5629899920993973
S051,1.7965969903903154,1.2837779656134907,2.1190308544899272,2.7681657270354245,0.4889586207833807,0.3133614016599943,1.0261239065526404
S052,1.2340128981823288,0.46421373926304005,2.362683153559967,0.5663755259335206,0.4224965614627477,-0.12593909474010823,-0.425862603335893
S053,0.7399490299699799,0.5142510883700958,1.1624109126532354,0.2658467280890695,0.3498640961439,-0.570691109011247,-1.4093407452735263
S054,1.0058964771262293,0.858723907224423,1.1398239185204893,0.279902207630657,0.3682950541489867,-0.3945299365833261,-0.9434109846199099
S055,2.110615366864246,1.5032543229307203,2.7497803990083995,1.7191611510800748,0.6930942926473428,0.6663144088889666,1.4973218113657993
S056,3.4490157458861903,3.334657496403851,7.621027674151697,4.7491510057267945,0.7131593192835254,1.6359638107821965,3.0495635703711272
S057,1.5101612881583641,1.073619223570283,2.4654525367704285,1.8835850706374306,0.4549730924765673,0.3014597056659684,0.6812731086988713
S058,0.6059487128497525,0.7870404831733917,1.314324658266126,0.5050975515476722,0.2362981353958717,-0.7503107230294764,-1.2243555064727678
S059,1.0770820490707913,0.8332988943693203,1.6215174296159052,0.4404154378031796,0.613291708873238,-0.220033863390596,-0.10944872585855012
S060,1.719483664007346,1.5597772026291001,1.9299267304077223,0.998080450254337,0.6383053786427999,0.36391755541495924,0.9163911021221026
S061,2.1313350718155175,2.1673815384492654,5.919087669082448,1.8357922270256166,0.7131283866835365,1.0218011487829572,2.07289192878634
S062,0.6393864137280194,0.17453216453286463,0.18009548436300374,0.08513937628270592,0.17515894706879792,-2.3241476209104954,-3.664086376229858
S063,1.0120197728120177,0.7735654621892438,0.7414334602819312,0.36237719032847265,0.24520770536663716,-0.7756624975068401,-1.3185166052161377
S064,1.9976955578123596,0.959036455272902,3.604738672057558,2.413949920506846,0.6489295591889459,0.7167386753630649,1.414838297640011
S065,1.4533355580121186,1.6408021684127982,2.1170927945647793,1.9138726559273218,0.48096443760158825,0.38128160997692706,0.8611274635521493
S066,0.7837492566222666,1.7251104465095721,1.117026990319737,0.4277521308462209,0.2791921898679642,-0.23810985530427106,-0.7467799248443383
S067,0.8399322238915488,0.5342681402099008,0.8053857035980672,0.20238920574564864,0.41807536989000116,-0.6716449270603473,-1.4578176757867196
S068,1.325010406332762,0.6011304404486826,1.6901986648027338,0.4219408413639546,0.4480364060297232,-0.22609966005353455,-0.4767898875218658
S069,1.1225886182645837,1.6682775503325542,4.720013088753912,2.390796583557891,0.49296036264660886,0.29797237808355126,1.184054325105036
S070,1.9618359551633837,2.069381949660319,3.607716677675956,1.1797212632047591,0.514778613493606,0.3266352242421099,1.219167548874206
S071,1.4313400568204118,0.9075803202968461,0.7951662497764769,0.2879092090680029,0.44017050611887926,-0.5361600096994794,-0.726425139783786
S072,0.7061789365980372,0.26799307960869406,0.3535085782528906,0.268604110439555,0.11608342972242976,-1.6905378559941329,-2.7930769272128138
S073,1.4055692623911813,1.760744674359,1.4362829405690458,1.0036652959441301,0.4565537876830044,0.10198542864836833,0.39562069618426177
S074,3.6545278100044176,2.1377125657277825,4.88523799392481,2.783646141815135,0.48148218199098797,0.9246567483047715,1.9946794220678232
S075,1.3395844880799161,0.5214073824710624,1.0255141849285583,1.2586437146610823,0.22912882729775394,-0.5638376912035314,-0.7354578276160291
S076,3.742092669600155,1.3081079014138108,2.982170496036626,0.9912772717421675,0.4832583341606939,0.44453231887154965,1.1268299319290023
S077,1.5888978225483654,0.6287841234404816,0.41564954529011394,0.3769500298866229,0.3653424362358117,-0.5302336645318942,-1.1542305132852548
S078,3.034726294671309,2.7588685691984365,5.54528383517089,2.2457934213856507,0.6828736829579086,1.1484289156591614,2.375333668582448
S079,1.9285956834155742,2.218309324606353,1.9036182818284917,0.8922156295861517,0.5851171498574821,0.6683534580844149,0.9930382186645084
S080,0.6915241251239241,0.6027996237377811,1.308724980950067,0.7795381691467913,0.3004083513245337,-0.4002618428059695,-0.9642943616009104
S081,1.0546620574898418,0.6799605268893208,0.9717592542942927,0.45860682168926103,0.324143883275826,-0.5894297273454759,-0.9792722902177367
S082,1.4967864815259757,1.368916271079954,1.6814308158800917,0.5730763050089662,0.24116809646008633,0.2213930936586613,-0.30116838399855966
S083,0.24887492482029358,0.1252163823769637,0.1188258797160904,0.03562812496535083,0.05118562786375631,-3.0403783086661242,-5.2635399106612955
S084,0.652182578740614,0.4004940929158444,0.7487729663211747,0.4585228621242977,0.2942090071031787,-0.9768639693702864,-1.6673488124325864
S085,0.8845281625633171,1.977350226117363,2.8308558049170442,1.3992037247572084,0.3308464245261783,0.08555938755569342,0.38283027564446565
S086,0.797413045887335,1.1569043580917346,1.6026093127450978,0.46877364434286634,0.6132348551279477,-0.3556009834191574,-0.0884244293241804
S087,0.872077342548406,0.7186993606949413,0.9888721966183962,0.4369574253320209,0.2560103936547686,-0.49658572333634,-1.2106484949882328
S088,0.7185641722743323,0.21229733557759536,0.47511269234164205,0.18844596850653847,0.3089743313373206,-1.3493036764959865,-2.462173468788473
S089,1.08652970297746,0.6502023782042845,2.246245099772214,0.9312292744327652,0.3742622775957687,0.16121827819923348,-0.2341407862714244
S090,1.8752893295672348,1.9928993931466414,5.109213627313102,1.979139866198407,0.8103111415700703,1.5246747479803857,2.1520864861066444
S091,0.6406215118016779,1.3400670300740292,2.663088692710115,1.1935701698442385,0.6517053042520327,0.04989922040275031,0.550393206292147
S092,2.8182877768778156,2.768718067151095,6.473802914181787,1.6328947436773158,0.8454539211726354,1.2544198418427945,2.6383918078363555
S093,0.5389190889992568,0.3528600701494474,0.5785889747474862,0.6446088283444337,0.554092060243983,-0.7160901951255423,-1.2872898841840166
S094,0.6032087348291094,0.3828510389437534,0.9677454001847338,0.6394966771378787,0.4640155931252484,-0.6160854879307976,-1.146881260150763
S095,1.0847917731690042,1.3115008248279674,2.522090054600742,0.5858771063132504,0.6199920281005918,0.15225878373236357,0.43555403060127384
S096,1.4612733014043677,0.569989906636811,1.4547881624014185,0.5710683568270781,0.296283016602357,-0.3793433820932916,-0.6866377999738572
S097,1.4827065942926374,1.1655235110930693,2.9686741093247897,0.8691248729345133,0.4211844682949976,0.33474418151572405,0.39768136820755773
S098,0.13754800646913345,0.09964386022310369,0.06838290965804868,0.027266423387104582,0.07177141248897162,-3.366622569629514,-5.95576847075817
S099,0.5433363839330284,0.30667477183016895,0.7651263102182294,0.2893937704087108,0.18960652956939839,-1.2063560729683727,-2.315802999134332
S100,0.431997435214384,0.3181743676417009,0.16324360427800275,0.2945749160915616,0.108669762896228,-2.0370329431292165,-3.2796783641699085
S101,0.41590029448891724,0.22368754189310008,0.5960827577537536,0.25247451799714443,0.22951422093620003,-1.0648705195844783,-2.682241431051889
S102,0.3696112455034101,0.22712448256915535,0.7933218142823806,0.1800228673061231,0.33840286781005985,-1.4176881759266877,-2.529552972826702
S103,4.476394549395201,4.817596073689721,7.237305956964194,3.6912776164293786,0.8474096964012869,1.3562721618770055,3.554242974769059
S104,0.48990170532491434,0.4717783290764177,0.6634530648162209,0.40782901048497133,0.2560800923466879,-0.8511034160678084,-1.9221769238118915
S105,1.8398328741868393,0.651984480887631,1.257819347252898,0.8754463417970908,0.3517662867026739,-0.15945724880898285,-0.2645550284323739
S106,1.445484537446722,1.5543187092952258,1.3803969240647618,2.069652046584086,0.4410060447393205,0.09853425228236083,0.6088854757686702
S107,1.7814813027955945,1.877111674457174,2.4761894516763663,1.5090132182196554,0.6688419205934133,0.7147120829132577,1.366580914242627
S108,0.9283783534322931,0.706561273561432,1.6424336113944304,1.2684281974072693,0.5039184798378052,0.20126932735074454,-0.02820358113619341
S109,0.5262087143936354,0.3150440365838397,0.823392545235476,0.4285303831104135,0.22587824506905527,-0.9451159887799594,-2.03766726467179
S110,0.727537801932923,0.29498503968626827,0.43420661379018294,0.305453591154425,0.35345765723103356,-1.216760064669023,-2.037733545895611
S111,0.31998792037663243,0.6181183806353099,0.40406447517298716,0.11752588786621487,0.12528927282265365,-1.6842118071809178,-3.0740055940221014
S112,4.3292210115082455,2.830146955001888,15.206173445301069,4.478346940293422,0.6758730579894247,1.6335276274490602,3.27850221369932
S113,0.6492446377821525,0.5057684983189035,0.49848792639338724,0.5382343970256895,0.1337001676571575,-1.2935318433408236,-2.0382141725440737
S114,10.877457697186959,8.748295161547956,30.65852703673205,3.997887651035397,0.6733209467673165,2.4847356098046642,4.565847506676296
S115,0.6380472978276431,0.24448226603142448,0.5029234299096349,0.27214812358447066,0.30039142082568693,-0.9817251732216792,-2.295318740251875
S116,0.9922975139507346,0.338247244708569,0.5159615358397859,0.39110737886827257,0.3537487540644897,-0.867200933864891,-1.6270366056752026
S117,0.6269648866259141,0.6884747753122384,0.6284077526743366,0.18201549691595542,0.2881384124925861,-1.5027724789527626,-1.8997310441485957
S118,0.9421707482607097,0.5658555603783958,0.9652107265244565,0.39635852420672696,0.3893588660287194,-0.7751432518715916,-1.0640785606046816
S119,0.9723942126781454,0.38206206647253954,0.36826949882609045,0.2332658335702273,0.2881525145583374,-1.537462372608727,-2.072321769494873
S120,0.45735964734379675,0.7763036443562584,0.5381738162311309,0.1619163973772431,0.2324424380797045,-1.1992620195905868,-2.2456749649163608
S121,0.9078828662563578,0.2987999908333184,0.8075772463062159,0.3791206745639073,0.3290111978297645,-0.7804891866915858,-1.6105333555928554
S122,0.647679289108779,0.5878536272994107,1.0902799258065936,0.40900765314129667,0.2822749467985236,-1.1006071551574441,-1.3989280475577446
S123,0.8040743118793029,0.7370376492837888,1.2026066741930819,0.6027642084037607,0.5561378323869152,-0.5269937683178637,-0.42970282802521
S124,12.707241637269814,7.780789716274092,45.29424985673911,16.66047567298675,0.9516160878363183,3.2478837817310717,6.096761377124298
S125,1.537780212348236,3.0456830166025846,3.0951771553890066,1.5060921370690628,0.699541260213493,1.2135944815663793,1.680697191616348
S126,1.657693951047656,0.8639605227492911,4.435323573885221,1.3612035980073638,0.4142011375170735,0.4541877544029183,0.655189062406044
S127,0.4939045757667346,0.5882199650483071,1.3819403418582603,0.3215264615545829,0.31816029892759357,-0.5864004948159423,-1.4713620787455721
S128,11.419218483392477,10.211345277399968,46.95892864895739,29.016246854243043,0.9536390579992177,3.1761987786989585,6.43137553409171
S129,1.1903837406018447,1.0574036953294732,1.6173003947018016,0.6653597097707482,0.5117687955957851,-0.09006586649694112,0.038359846856258345
S130,3.2579863086096053,1.0585028951967528,5.546908929500363,2.079492216355055,0.5737120652884503,0.930566562617341,1.695432501409885
S131,4.233192329086384,1.6104411523377056,3.9490051418781,1.1149627705150027,0.7027523345648865,0.6541517474497517,1.8927912867047203
S132,2.033452773664333,1.551597266181568,6.450059211312562,1.8931567980676833,0.6637737910963765,0.9130382473052394,1.8311671569603811
S133,1.082920560779706,0.44334261985485957,1.4703646144659677,1.3491463517113456,0.29466137334736164,-0.7411785098363735,-0.6058910906829716
S134,0.6536603291269426,0.2473976453669629,0.75365152175285,0.41619097113762493,0.23332077925122963,-1.150395912324244,-2.072454087546457
S135,2.6078468695206793,4.746630311446264,14.670015858526211,3.740362287408819,0.5484789884327159,1.763987940473868,2.918702347985499
S136,3.508742597770018,2.0118572092098606,5.957131062026803,1.9853851383626082,0.8097412738872272,1.2104420144998649,2.556694462339427
S137,1.1632640726974897,0.7677443122242973,1.825574205377359,0.5315174046167654,0.395992938799073,-0.17442034124177822,-0.3974625403170565
S138,0.2076697744379911,0.07130945556144185,0.07608958456891401,0.13724123607483307,0.07839740528540848,-3.0740559086137673,-5.147228837381022
S139,1.3436186265916372,1.0639763382333414,2.6773081272651007,0.8362644722363974,0.41979365390477597,0.061485482226015735,0.23795468518362625
S140,1.0399905480922056,1.3727023660097284,1.0015236748714575,1.3479526327975535,0.4721361243622151,-0.06554752887040642,0.11555656567042252
S141,1.7193073553913205,1.132204667674647,2.3945406824712117,1.202477225646993,0.4760393098490389,0.46412882660365296,0.6152196116687926
S142,3.2531098961432816,2.530250240803371,7.800064621734084,3.1829322369137274,0.7223992576875689,1.020350264836075,2.7432198776096786
S143,0.3063525197108307,0.4419684573931748,0.43471357814741834,0.33613259094260695,0.2981257069649156,-1.4120012524359995,-2.3749051000834682
S144,3.6256692382412234,2.9922956996642633,6.315240707262655,2.3103248620722763,0.7066072169326798,1.2639729139942926,2.6261449888560757
S145,0.7524465053816166,0.9174079228571012,2.085821714491114,0.7973925591669774,0.5181000604951629,-0.12229104001788484,-0.08169776165293752
S146,0.39735084318805375,0.1615619524239867,0.2465940563621757,0.18703333603420738,0.08359250247850673,-2.1016671445343658,-3.7568725036280157
S147,1.38937484382806,1.7871814533366157,1.2143168952045273,0.5516751934441486,0.4347444423762002,-0.18974760188627143,0.03152061973057578
S148,4.122659426995339,6.611859701269895,21.482957583031695,6.788826792673916,0.7821979325747996,2.0707196969882267,4.218118161462766
S149,1.9623076910779986,0.8983459438042846,3.1194512810401482,2.408836836836744,0.48936844956478887,0.709684312036792,1.0026578135543025
S150,2.4413684107342997,1.9000526023904805,1.8326688839731913,0.8996907393850886,0.7089541303481739,0.4178580590989362,1.2793709443001078
S151,1.8785338191738954,1.9098760523065224,4.445024569332867,0.7958256900277324,0.46982406448818986,0.43128433562762364,0.9919073494637273
S152,0.22179179592429998,0.2751693687812005,0.43513058121077985,0.10736752374901466,0.12302860167664463,-2.0541118891736847,-3.6805600095241124
S153,2.1725558304847215,3.3754516171136486,5.072530508610809,3.3913652131349115,0.7477154968538495,1.2353051261584647,2.5692964050133393
S154,1.9390853508447545,1.5464749759778933,2.87268820096797,0.9612583132462006,0.5446610849420122,0.6167636383338381,0.9453103830387646
S155,0.7121006283752519,1.3643816259025925,1.8116745245812818,1.1619340566328002,0.6615717440632738,-0.07264555323550369,0.46282541130568144
S156,0.9328577400233709,0.8773992533033087,1.82606074327738,0.9172130049075425,0.26083859270145854,-0.10384448195588654,-0.4957297944313885
S157,0.7128212914295363,0.3364352820693072,0.6459155008693104,0.19176978198189826,0.3067985597179787,-1.1653846926891935,-2.109235696319328
S158,0.47137470241291624,0.5978936937555811,0.7870180872213846,0.3825128553259935,0.19063163183221057,-0.610816028638548,-1.9326178549702513
S159,0.8976481334595084,1.0217280263448962,1.3035260239401762,0.7415595833218188,0.5397913711602071,-0.26280320663027135,-0.12070462013944681
S160,2.087928081595702,2.367573585218757,7.058409435257569,3.343964833198701,0.5788253507543575,0.9959170080281846,2.1631247689954107
S161,0.4777793642340099,0.21745798736354308,0.6198927102448495,0.6869967787635717,0.411693028122224,-1.3094814615553398,-1.8061201595809389
S162,2.194310954476796,1.5577658201963585,3.8663071562829217,2.6087439273350532,0.5901910688740583,0.986160854240661,1.6493604232607182
S163,1.5078975772762977,0.4223891550454553,0.8772105094104292,1.069458118082661,0.42087979413855164,-0.5918546106149399,-0.5146941640493001
S164,1.338854951665774,0.4230742870467849,1.299197550426602,0.48802708784010707,0.33769813713457203,-0.6030616586647058,-0.9083637376825299
S165,1.0341116277322246,1.3039118012452344,1.8503076933311284,0.592148168962624,0.619511109485603,0.11241031835658201,0.2807545654320159
S166,1.5017519446971541,1.4050957723168809,2.648140376874403,1.292988836474935,0.5777307446715485,0.2875848890942527,0.9162047030158482
S167,1.4949497563449294,1.2009747262797048,1.542183669799282,0.6387295309361808,0.2271136030233253,-0.40854516365504956,-0.38805180837019715
S168,1.4598337217222284,1.360153843713241,3.1682101929830613,1.3836394097405627,0.7447442424170136,0.777360709150709,1.3282442224289737
S169,1.280911907514559,0.8340067167181004,1.8709362913715828,0.8517127610297144,0.2847732735535375,-0.12754120306627317,-0.32052355153968737
S170,0.9109569643608101,0.24845011571545547,0.6341882956043797,0.3675174991951449,0.10139981736233576,-1.1283740356539727,-2.3612507779888903
S171,1.9384671139562528,0.528963145962333,2.678272238057289,0.8259889915603573,0.41316698641187916,-0.04586968077220114,0.07403258064563156
S172,1.1849771557297335,0.7373809145793436,1.4658612701041063,1.1417608190318633,0.30308497031851006,-0.06190783692940789,-0.3626361871814982
S173,1.2780973332544199,0.6919932405074368,2.924295533294403,1.7188661038044826,0.4948475837350542,0.6584173231529504,0.48585436189284276
S174,1.1814323258336816,1.4697447226139082,2.5247615754078216,0.6755855138691692,0.5622356340366707,-0.14519890996556112,0.4855059658381213
S175,1.2477923085312246,1.2874678389795393,1.5092202859283086,0.6460732640567843,0.6168343468430721,0.04531545059867304,0.3213002633475787
S176,2.3756253945206867,2.073754837122806,3.1808272543798526,1.847665546576898,0.6908154154581,0.7397227369632212,1.8051244429139102
S177,1.5946517859805307,1.099597595828068,2.100195908224186,0.8358779017446283,0.5699939247162905,0.12251544697167055,0.5317573480598912
S178,0.4119694387992129,0.34534844031478584,0.4462748583278843,0.10603015424406874,0.31183002605152915,-1.357671565453068,-2.7852259482554063
S179,0.8420818874301431,1.2045052052063259,2.6099149903059153,0.46096459741859885,0.4975940742928012,-0.16569302626010615,-0.06477329461207035
S180,1.0861370352070343,2.1396617758093406,5.577205856438085,2.314373106858283,0.8220579126054484,1.2214254697852047,2.0261423547716886
S181,0.38553206088448494,0.4911997013174278,0.49965252534918003,0.4258660049467547,0.3943766007480985,-1.3021770830898938,-1.848051861728199
S182,1.01121573931309,0.4006306820345681,1.3291307579376075,0.6548017264377874,0.5605973894990349,-0.46762560952636956,-0.5200441337713779
S183,0.39264308717240315,0.24301098912517954,0.2481379256268352,0.10003062264892755,0.060053070414504146,-2.081111943450061,-3.9124331975347015
S184,2.170880105120022,1.5973210254366377,3.11596543639084,2.2094631030380154,0.5833975096680265,0.5328928843487948,1.4820489428878318
S185,1.8191913073640755,1.7568806788052425,2.715841159459045,1.7486858004474146,0.5926692942621614,0.48485232784490534,1.2955237541391362
S186,0.22062969143911665,0.18964139714249154,0.1569890552350469,0.11747988298291669,0.06690286930167498,-2.3226041573744736,-4.43991809204685
S187,1.6551583610781069,1.3532621091187833,4.77569309225469,1.4990735957426105,0.6385430972096537,0.40934578749479306,1.378677936347422
S188,0.9817213123449213,1.037219448180585,1.8895564056600818,0.7397016677788647,0.3284516094800565,-0.17064848629574747,-0.32115603481068455
S189,2.0505646762261436,0.6081230267397246,3.0829418683918446,1.9670566833241498,0.5970361354949641,0.7935565066419088,0.9512797866057326
S190,1.7017818453100626,2.839166426247706,3.2741696900022927,2.1479728226212074,0.6762518111576811,0.8695404632072716,1.8261918774268904
S191,0.5725153980146702,0.5961194582003992,0.717166449435912,0.556115980478234,0.4098923869807037,-0.8191536481691523,-1.2468445927949343
S192,0.46933968513993135,0.3444768658504998,0.44836224423821175,0.3330818250125384,0.2658678490570692,-1.3008097920954664,-2.3278123271542324
S193,0.8500138481461906,0.417283848897891,1.0985694211331243,0.40755822950178155,0.26517329968501074,-1.0625712993012988,-1.4561304918727773
S194,0.8509411372582694,0.7912608445726598,1.961775973325301,1.259093389721833,0.631105990675695,-0.2768590312018694,0.29779559749056095
S195,6.379006810527109,3.1010427358046453,5.19625943361324,3.642835081083033,0.735235755169714,1.392759090699778,3.1179303506916147
S196,1.8591639125146406,2.356366211818378,3.8795267055462457,0.9121527736739969,0.5616191106926581,0.7639889527237593,1.2654845316501924
S197,0.8327868730556254,0.6104257821534677,1.6827017172045022,0.6847507968739359,0.5219499575471451,-0.28746652616856255,-0.373994028916102
S198,6.209077094834574,3.564986241689503,16.95373742063919,4.299714697261095,0.9381684943397868,2.028787139288035,4.289873775123197
S199,0.9020448039317905,0.4117531748048544,1.3776474280455746,0.7441459067899976,0.2318723711852348,-0.5315398620790678,-1.1550963380549348
S200,1.8141539395397783,1.0025029317696523,3.2930518579867423,1.3940873836535355,0.47576649973156687,0.23905971411528792,0.7799460388283269
S201,1.0454893022263483,1.0825310517271844,2.2202846534231635,0.5802862237150904,0.49180282259181096,-0.2096982942186071,0.017262301484114104
S202,1.2132102694430802,1.1034930269845493,2.987278627668534,0.9636571915106176,0.6056273755478323,0.37357993674074197,0.6640081322212299
S203,0.48129264756061096,0.24633511814689152,0.5681153387561867,0.12142220007643421,0.2628535800669552,-1.4640414542227738,-2.8123396123314666
S204,0.07230044592140022,0.18934622943550192,0.04330911604434911,0.043827342764476154,0.11203553439231917,-3.086124204772652,-5.842941053443089
S205,1.0402162967328346,0.8134084099234131,1.339256882578088,0.23309196768907878,0.6122712906657553,-0.27295477216364783,-0.491028228821673
S206,1.471031555572444,0.5030041108584858,0.6593475110841394,0.5669189438609519,0.43582080978007776,-0.35536529811285883,-0.8014838209760187
S207,1.1595707983121273,0.3209666253640353,2.193607215711302,1.0983008339367586,0.5227456605981459,-0.06707303339049277,-0.19921657969792145
S208,2.060029940211206,0.9929542789133887,2.1689097664670554,1.3553472404937077,0.40100825806507445,0.4214543692187587,0.5123566963260623
S209,1.329900387224561,0.5170547186017337,1.090291455430906,0.6667768232963125,0.4501220847719089,-0.2870121594063435,-0.5350782538030376
S210,1.3114743217040499,0.4166119054449544,0.9986065825836795,0.5508177077896385,0.27999318317988914,-0.8596867081986888,-1.1055240381354585
S211,5.315283265214714,4.963735110634226,8.765767249681979,4.909524796135542,0.7118723687323235,1.8918468420790935,3.5461582428157934
S212,1.0640640880637808,1.0122144804298614,2.4562666241410063,0.8868888026939331,0.5766989332689963,0.07275314486851041,0.3780944943719473
S213,0.8922561443935959,1.2489933594555696,2.4547409970898966,0.7004143982822167,0.5189099250334708,0.09721909598203192,0.17580318831179376
S214,2.9821006284248766,1.1757308637514432,2.601177139271723,1.1178791151453598,0.5960753015457824,0.8135716331232061,1.162982305700549
S215,3.074702519072795,2.2480377150539095,4.811703057085636,2.2820516777275737,0.673681287349715,0.7960605321144245,2.2105085732409444
S216,4.474867933654306,1.5688966026309055,5.168306370838264,2.542218768444219,0.7952689146063106,1.2827736776895913,2.575365000426043
S217,1.8547321171321367,1.9426650050702863,3.5653262267548325,1.2138225413979897,0.7024486209652502,0.9311344997991833,1.5349808824679292
S218,1.6129151281574625,0.569697522000815,1.5091427103911066,0.5466664399340345,0.4124021641663104,0.026899256579187462,-0.4045592413252736
S219,1.458962244796678,1.5024342701838311,3.626843750285721,1.0876639795299712,0.38173924204161014,0.39543029522629647,0.6153402131743454
S220,1.169945425063068,1.155152758187001,1.8480145464408404,0.7584194926382043,0.477513002227593,-0.19594661172751415,0.11821235594810847
S221,0.5780994906972801,0.70131625162116,0.9340415947783567,0.40455183941055434,0.2403351989623236,-0.5930024376971611,-1.5340384688952362
S222,1.262392755079446,0.7279247973823367,3.106019320772677,1.0844774775781192,0.7705387391366993,0.18473484922062453,0.8903370424466042
S223,1.8650971795242028,1.2802685535274405,1.284975853477845,1.2403558199770455,0.5206146033460203,-0.18742075977155953,0.5562825868645903
S224,2.733566853914105,7.236574819021892,3.723028852209111,1.5705596125123875,0.8072056488122075,1.255250899807261,2.747790324980579
S225,0.37470354627745844,0.2592562467986367,0.441338249114357,0.1106272836483186,0.15785106401847984,-1.7039159993197452,-3.3143672396866566
S226,1.0312586040912812,0.37923940088093827,0.5317901299900948,0.18116857011487036,0.2197089981461278,-1.1888799369671723,-2.1476387882840013
S227,0.5107963700708587,0.3107557230625468,0.35280802641172193,0.26045220558180676,0.2747825578860938,-1.3488481536338526,-2.518218409036073
S228,0.45393671585472656,0.48754163682207174,0.7581397634549091,0.3641083883615219,0.34411374854565724,-0.986596766869707,-1.7550706104475184
S229,9.57504624996231,3.131513420962495,12.725717181563944,5.681352192799519,0.8382136693018003,2.107682870293207,4.14531344383449
S230,0.9540303430422095,0.39732623563544006,3.177159824308668,1.1993911013087655,0.5269011692567293,0.2381742082008967,0.0012988099102569147
S231,2.2847729286509253,2.441232174771569,4.043554235072603,1.983688823563799,0.44516483422363806,0.8573507307692129,1.5160700253716173
S232,0.27058605986778633,0.2201214122767499,0.30771343479965535,0.13712696212004283,0.06136028655901541,-2.186867957630865,-3.9316075190081694
S233,0.8244443650820268,1.9039292699485444,1.61971448530141,0.668149642348585,0.6026404949037275,-0.073677554624028,0.3070003143089584
S234,3.6513243502301034,3.588349359682359,13.721114860209795,4.386273538296497,0.7157037501105689,1.8091707887136517,3.3343789107142605
S235,0.7777040959419846,0.7856094449329697,1.7379009835359598,0.7644804965626086,0.4387824278820401,-0.10079783893543774,-0.38607549469383795
S236,0.5650124989722726,0.6546104992784711,0.6393290539963828,0.27492312606424635,0.31361240514943095,-1.0499561590233706,-1.7456412193881585
S237,0.724074734004139,0.4617977508339582,1.3596615525924487,0.620013386972181,0.589963663856847,-0.41427699722039807,-0.5861985849350282
S238,5.301510987187368,5.02208288931898,8.478347175161632,2.5914436954344486,0.7390646246968662,1.4630012219682056,3.3246781799367895
S239,2.031155115156672,1.4159575994373863,3.304346993428612,1.7387824782441232,0.693220123680539,0.8519691189307907,1.5295443695866697
S240,0.3790173649150374,0.4028880057987486,0.5854717180828625,0.3994056305424847,0.2941059714998179,-1.2096090861227287,-2.1169080957921116
S241,1.2172291975653133,0.6625812739010293,0.6255813850625179,0.7994619741547975,0.45351955065637,-0.2710198123031606,-0.6107333957032961
S242,1.1355031861327747,1.2032393116568216,1.229423912167906,1.0416950098159068,0.5735368097994643,0.23725770021679882,0.2692796133461614
S243,7.640126713072584,5.821118045071074,13.78706153972636,5.87000298181877,0.8791219070641677,2.281597067591409,4.487887554638414
S244,0.3426175199342012,0.43313275564238457,1.73448819787882,0.3775564090406208,0.23527246159038462,-0.8405490290322724,-1.8314089957786064
S245,0.40135039921189264,0.6098628852482707,0.8745757200141465,0.29943755421823204,0.15383684733409778,-1.111702405314909,-2.1614625016726583
S246,1.3528417560976451,0.5029147777118296,1.4273938334368734,0.48362985103753126,0.4375784596932995,-0.39805544031374757,-0.5863491239098283
S247,1.3330577920507403,0.7464754680071705,2.8641890329122854,1.1332395872510923,0.61921606246473,0.23832909189045304,0.6004690763171767
S248,11.624151735444872,8.797609131189112,13.532693725945936,12.452250441660581,0.8896298192338844,2.5318742270979637,5.256439942161798
S249,1.870392486741153,1.5932308254434913,1.7571237222234308,0.869154698866659,0.5896422845205174,0.18788222663592363,0.7785966035586699
S250,0.6956975464556403,0.3300235224282463,0.7473883320200068,0.29298523909436963,0.5416364509773688,-0.8962699010042111,-1.4330454830937602
S251,0.9967798703713009,0.451051944597653,0.9692025049443509,0.61017374577393,0.3846210148296906,-0.6720924836751648,-0.9702235030026557
S252,1.110721986367891,0.9102049119681704,2.7181436035831954,0.72425758928955,0.5238771668517855,-0.1419565676615741,0.20449456213567874
S253,2.4179399080462836,0.8943219224369638,2.220654616456168,0.3744085501155004,0.6314641062836235,0.11759950353278156,0.4574334236826369
S254,1.76557148183289,2.347394397569665,6.819105520012828,2.3195233642307067,0.7527173412770249,1.3541948202969847,2.254784958897976
S255,0.6031917144493151,0.2490522595599999,0.2719164116648146,0.18043625915619046,0.16191547172831894,-1.5068891918066927,-3.064725661287827
S256,0.6593222254191172,1.0561587731219697,1.2502884892347874,0.4667059761635192,0.25034140588535664,-0.6623120315705935,-1.0581388735317663
S257,0.5117203008635445,0.354594480283081,0.927778123431529,0.4775747676679374,0.2559247757167404,-0.6883665322985448,-1.8317349875905269
S258,3.439751718551164,5.453874855754642,10.555025348552478,3.4852260692728176,0.7903552726449308,1.6916457852661562,3.4660108042986644
S259,2.3357836865211077,1.40630787936514,6.349505972805467,1.029634966935016,0.3274480683801011,0.8093713789754181,0.9383117171266805
S260,0.5503512594585824,0.5025026650536624,0.8658392954314178,0.3860432286784368,0.2861600283777614,-0.9136815885356444,-1.6758700668030417
S261,2.385726287975264,3.0663307939548448,10.664617511905185,3.932143632001496,0.8008353441061147,1.6156453779968383,3.0679953473540555
S262,0.5283815991111959,0.44777888965627993,0.40250753212887136,0.3547778282845757,0.4322715410406568,-1.1885467448629854,-1.8188772221591885
S263,0.9958351716113594,0.7624243309140882,1.0270726533264254,0.33186871581442295,0.2311429664427339,-0.4841933938991868,-1.2663053177872126
S264,5.5170571769122665,4.708256152627763,6.3603778854042075,2.4519919835306965,0.7567888094674867,1.7571548298996476,3.2094938406795372
S265,0.24240998588966722,0.16767112727115094,0.2657723005325873,0.0691107017352935,0.16817700599953553,-2.259708664557465,-4.145988074696022
S266,3.27493930822806,0.9865163503396915,2.743201541450467,1.697810314113812,0.32180600663499126,0.8093277235589192,0.7936103810288763
S267,1.6274249101564315,1.6555028797823417,2.1944104181513815,1.9398489333957705,0.5324602617378866,0.631332689758271,1.0452272314987305
S268,0.9405879153693754,0.9914417606585557,0.9640833923750725,0.28141592655312186,0.4417417400930148,-0.1885283455286296,-0.8339131956969565
S269,0.6967463762852315,0.7316298753068167,0.9846824499903061,0.5747769836000676,0.38133486149371154,-0.3275928365080425,-0.9501714346990647
S270,0.9920712965846251,0.7196510092882775,1.1056493913875851,1.1680229568555967,0.2689528325107622,-0.3555995961913307,-0.6505322676085452
S271,1.2319092857794005,1.1710169104054426,1.839198533949122,0.6041167543892516,0.5202319816384375,0.3673167503748399,0.1360038653243652
S272,1.7367629915106484,1.3421910247438853,2.5304689409696515,2.377662846795556,0.6266810812245732,0.5627990067106757,1.3055557147557604
S273,1.534183503098759,1.3692206347816265,1.356863603872388,0.5476814315773073,0.5288975847049985,0.3546978918862679,0.1777575271498608
S274,0.48227911333245377,1.6403220540437689,2.4372243721657787,1.2018649411857854,0.4766094022627453,0.059815031610690045,0.1241144889900246
S275,3.979674412251619,2.0442861205461504,7.256326241756088,2.531008542023338,0.8696820482167955,1.541180432373957,2.9739462652334883
S276,0.9546665392423043,0.8818244467503918,2.3326313730973016,0.9378102203160187,0.7484175681550913,0.09302999532202695,0.6037141337261382
S277,10.552753004480246,4.217299390602096,22.99669979499709,9.410398146739233,0.9119885238763026,2.6826046478963095,5.019894057843171
S278,5.294491607342379,6.303601969445347,31.605068757031603,14.240876937899104,0.8315368254844425,2.5042828537020037,4.923254276445403
S279,1.0685879637144855,0.7814329370549346,1.4890924684048144,0.9601273470485436,0.4029834079594352,-0.1408556649686295,-0.25619063346370446
S280,1.4677692474135582,0.6471848538267619,3.064314816235563,1.4456573560949122,0.3868242444147415,0.12167068272654373,0.26549854205933904
S281,0.9868809299456955,0.6227404012134518,1.4220373059370315,1.1153130832071567,0.24071902036669499,-0.23425518079290428,-0.7000711660195501
S282,1.4158353181395391,1.1933738926129984,1.3441890796284195,1.2009063386789214,0.4998787417007063,0.2129472817195863,0.33982720837782976
S283,0.7058128441696007,0.2734948014500845,0.934060292409936,0.8842029591003778,0.25851945418834255,-0.4579056903399932,-1.5178811157962644
S284,1.6307828059573604,0.9255177425843034,1.7816366574715474,1.3994631487689164,0.514790757695202,0.4147964203387171,0.5022961154133295
S285,1.567892119231359,0.31104158523334197,0.669462245587878,0.5171855170440233,0.5478574454699614,-0.6069015485335704,-0.8208262693758421
S286,0.4163116917106374,0.14535377854017817,0.36542028061921294,0.17189992411324548,0.24413908480101706,-1.7547524927918345,-3.2276908162006936
S287,2.0283174755582065,1.1613739524371056,5.005572555523371,1.170424967862132,0.4979204813036653,0.5855686951818407,1.0557990399682597
S288,0.8330956362930017,0.4657820391573129,0.7682605706718005,0.31625563298749815,0.34043953665006904,-0.96197576991676,-1.51351627143285
S289,3.1448067501265418,2.3834970268254123,3.3678964770864854,0.9585128868691389,0.5242624051677388,0.8741423936680824,1.4427329138072025
S290,2.692614315043463,2.2750539975932154,5.212014907263302,1.9525867237873038,0.6355581210221566,1.05172199471171,2.0363169275239583
S291,4.056721779960515,2.7091266879620197,5.876061137705454,3.3019650500932243,0.7832133128338205,1.656824211642391,2.926523218707404
S292,0.7530979395520095,0.6522836259417569,1.3862225228648792,0.5682692876763087,0.47347668386020725,-0.3584771498770328,-0.648048298907319
S293,0.6450942410028498,0.30413437834541196,0.44333181187029086,0.354516333313999,0.21135623517254798,-1.5192838008174558,-2.319082846498034
S294,4.514034348061301,2.6300742727902526,4.952747644814271,3.226318614570044,0.7364005950362911,1.59642380669302,2.7830396843902885
S295,5.227126718854577,3.4459832501479566,5.746951222045778,2.450599382716186,0.6781806579693566,1.5928155709923368,2.8178447129858992
S296,3.0919226629204157,2.6537698513368344,9.324407630492551,4.412450538563806,0.7242680285049952,1.6833398465222449,2.9562144068900835
S297,1.4032038714756363,1.2903417580326866,2.9292059013764242,4.575682541364165,0.5592563045624953,0.9473084384475027,1.378863100906489
S298,6.304580325768491,4.480083115977401,16.97515423315636,6.115743426081637,0.8500983587749705,2.4722925843991033,4.280126281238023
S299,3.859677498963252,2.364454199147374,4.825389519587097,3.9056754897645733,0.6728019371520298,1.3261548903040796,2.5835459978873323
S300,1.5065969492691278,1.4198300828862496,4.77910035928,1.6803304331323723,0.459176066306235,0.7482431886527429,1.0542763157600947
S301,0.210586623011305,0.24429356463208468,0.35175625869109056,0.18680091424039955,0.0991365487225542,-1.843100320881112,-3.6944932507511465
S302,1.130590877185256,1.6349962800957685,2.2175010496860548,0.8259585245424216,0.6289190959281756,0.2652070685654111,0.6744860926758441
S303,0.4719168439712169,0.6963314231230152,1.368847174153824,0.6474175989625509,0.4052231725604495,-0.1674192035671858,-0.9480230371675478
S304,0.24582364763313821,0.2098860114918716,0.34574936509491566,0.21375991056378,0.2731191935022326,-1.593381594546259,-3.197831975567807
S305,1.7325503596976501,1.197151074339245,4.156817658681911,2.594425796140166,0.4727391115662674,0.6063944275857434,1.1965932413502436
S306,0.13283927581075072,0.11046576989262116,0.31749600396817645,0.10749328703483495,0.08720954585028616,-2.1793467697658606,-4.645870904382268
S307,1.1303796624411853,1.5524320637817375,2.267903361081651,0.7988971758366566,0.43818989947839365,-0.22032538538773452,0.277050384087714
S308,2.364069062319515,1.9775652696070893,3.3783902099151484,3.5888782724419244,0.6919735793292453,1.0952300894638083,2.0874732501290745
S309,0.916212998928631,0.48687871986798653,1.047234853278094,0.5659985543071918,0.4039330506906523,-0.45353840771793297,-0.9394897665870405
S310,0.4863354787846945,0.18711192924057035,0.2316680687350293,0.39106890272645956,0.14939598320504732,-1.955443494341136,-3.0934514695508306
S311,0.6543701761883391,0.90527164494635,0.4554325547038926,0.4855961988334654,0.5000412067133239,-1.0074001705618152,-1.0451860831781432
S312,0.9587188044518797,0.5868668776149637,0.6887726866411658,0.16574471651421882,0.21076055340096603,-1.283769489756611,-1.9227288990669489
S313,2.578065271736933,1.4173313421066527,7.707203861924259,1.347209113181166,0.605843908740389,1.1055739062374088,1.729901705958865
S314,0.5063141185556247,0.28379980817124345,0.5769319420680269,0.17083245877488476,0.12901863015900378,-1.214237233440451,-2.8914388360621817
S315,0.3252091782782672,0.23841892389867053,0.27930559449206743,0.17070983183705413,0.24667951211397984,-1.3191266472468253,-3.2275462400571118
S316,2.0302176386119792,0.8285077137927607,1.2905123472052367,0.5400531428670738,0.45145786005029936,-0.11226079069636971,-0.0932706206764482
S317,0.9231142349070404,0.7606165897011214,1.1121220383757415,0.4265586796831313,0.42811464192058724,-0.5130983059636613,-0.7643850407626795
S318,4.074360068157079,6.8783928740666855,18.968384247420634,21.41489200979389,0.876105942898334,2.2539279981800844,4.9047601779498
S319,0.8209592978151431,0.9361498795936943,2.449599381290529,0.8324023519382354,0.4222656017987842,-0.10964114862282082,-0.12313414340958734
S320,2.577643230104549,3.196540599698781,4.839888748224998,2.429632439323755,0.6438497811529453,1.12512576675749,2.257346134141857
